Workbook

Sheet evSCAs
D1: IFA smears --> | H1: IFA smear counts (reader 1)--> | O1: Median of "Mean SCR" in all HbAA | P1: Fold change (FC) HbAC or HbAS relative to "Median SCR" in all HbAA | S1: IFA smear counts (reader 2; QC 12,5%) --> | X1: Cultures | Y1: Patient data | AE1: Parasite diagnosis and parasitemia
A2: ID | B2: Experiment (= Sample collection Number) | C2: Sample collection date | D2: IFA smear incl. CTRL | E2: IFA Replicate Number | F2: Sample | G2: Date of IFA staining | H2: Date of IFA counting | I2: Total_parasite_counts | J2: Gametocyte_counts | K2: Number fields counted | L2: Gametocyte stage V seen & not counted | M2: SCR | N2: Mean SCR | O2: Median SCR_HbAA | P2: FC SCR | Q2: Gametocytes_stageI_D1 | R2: Asexual_stages_D1 | S2: Number DAPI+ parasites | T2: Number of Pfs16+ sexual stages | U2: Number fields counted | V2: SCR | W2: Mean SCR | X2: Choline | Y2: HBB Genotype | Z2: Age | AA2: Gender | AB2: Village | AC2: Ethnicity | AD2: Symptomatic | AE2: RDT_D0 | AF2: LM_D0 | AG2: LM_par_µL_D0 | AH2: LM_par_percentage_D0 | AI2: LM_Gam_per_µl_D0 | AJ2: varATS_par_µL_D0 | AK2: varATS_par_percentage_D0 | AL2: MixInf
A3: 1 | B3: 1 | C3: 44783 | D3: YES | E3: 1 | F3: 1 | G3: 44784 | H3: 44852 | I3: 1023 | J3: 40 | K3: 28 | M3: 3.9100684 | N3: 3.7880746 | O3: =MEDIAN(N3,N9,N21,N24,N33,N42,N45,N48,N51,N57,N72,N81,N84,N87) -> 2.6753102 | Q3: =((J3)+(J4)+(J5))/((I3)+(I4)+(I5))*100 -> 3.8187702 | R3: =100-(Q3) -> 96.18123 | S3: 1101 | T3: 52 | V3: 4.7229791 | W3: =GEOMEAN(V3:V5) -> 4.537899 | X3: 0 | Y3: 0 | Z3: 6 | AA3: 0 | AB3: 1 | AC3: 1 | AD3: 1 | AE3: 1 | AF3: 1 | AG3: 1839 | AH3: 0.06 | AI3: 0 | AJ3: 6490 | AK3: 0.0198 | AL3: 0
C4: 44783 | E4: 2 | F4: 1 | G4: 44784 | H4: 44852 | I4: 1034 | J4: 33 | K4: 23 | M4: 3.1914894 | S4: 789 | T4: 38 | V4: 4.8162231 | Y4: 0 | AJ4: 6490
C5: 44783 | E5: 3 | F5: 1 | G5: 44784 | H5: 44852 | I5: 1033 | J5: 45 | K5: 30 | M5: 4.3562439 | S5: 925 | T5: 38 | V5: 4.1081081 | Y5: 0 | AJ5: 6490
A6: 2 | B6: 11 | C6: 44812 | D6: NO | E6: 1 | F6: 2 | G6: 44813 | H6: 24-25/11/2022 | I6: 1030 | J6: 49 | K6: 16 | L6: YES | M6: 4.7572816 | N6: 3.9595771 | P6: =(N6)/($O$3) -> 1.4800441 | Q6: =((J6)+(J7)+(J8))/((I6)+(I7)+(I8))*100 -> 4.0325203 | R6: =100-(Q6) -> 95.96748 | X6: 0 | Y6: 1 | Z6: 9.6 | AA6: 1 | AB6: 1 | AC6: 1 | AD6: 1 | AE6: 1 | AF6: 1 | AG6: 1690 | AH6: 0.05 | AI6: 0 | AJ6: 3350 | AK6: 0.067 | AL6: 0
C7: 44812 | E7: 2 | F7: 2 | G7: 44813 | H7: 24-25/11/2022 | I7: 1038 | J7: 31 | K7: 18 | L7: YES | M7: 2.9865125 | Y7: 1 | AJ7: 3350
C8: 44812 | E8: 3 | F8: 2 | G8: 44813 | H8: 24-25/11/2022 | I8: 1007 | J8: 44 | K8: 13 | L8: YES | M8: 4.3694141 | Y8: 1 | AJ8: 3350
A9: 3 | B9: 7 | C9: 44798 | D9: YES | E9: 1 | F9: 3 | G9: 44799 | H9: 44862 | I9: 1039 | J9: 17 | K9: 14 | M9: 1.6361886 | N9: 1.4669715 | Q9: =((J9)+(J10)+(J11))/((I9)+(I10)+(I11))*100 -> 1.5433071 | R9: =100-(Q9) -> 98.456693 | X9: 0 | Y9: 0 | Z9: 7.4 | AA9: 1 | AB9: 1 | AC9: 1 | AD9: 0 | AE9: 1 | AF9: 1 | AG9: 5333 | AH9: 0.1 | AI9: 0 | AJ9: 5333 | AK9: 0.00666 | AL9: 0
C10: 44798 | E10: 2 | F10: 3 | G10: 44799 | H10: 44862 | I10: 1088 | J10: 22 | K10: 19 | M10: 2.0220588 | Y10: 0 | AJ10: 5333
C11: 44798 | E11: 3 | F11: 3 | G11: 44799 | H11: 44862 | I11: 1048 | J11: 10 | K11: 14 | M11: 0.95419847 | Y11: 0 | AJ11: 5333
A12: 4 | B12: 1 | C12: 44783 | D12: YES | E12: 1 | F12: 4 | G12: 44784 | H12: 18-19/10/2022 | I12: 1021 | J12: 54 | K12: 40 | M12: 5.2889324 | N12: 3.5678 | P12: =(N12)/($O$3) -> 1.3336024 | Q12: =((J12)+(J13)+(J14))/((I12)+(I13)+(I14))*100 -> 3.8385827 | R12: =100-(Q12) -> 96.161417 | X12: 0 | Y12: 2 | Z12: 7.3 | AA12: 1 | AB12: 1 | AC12: 1 | AD12: 0 | AE12: 1 | AF12: 1 | AG12: 80 | AH12: 0.1 | AI12: 0 | AJ12: 6900 | AK12: 0.038 | AL12: 0
C13: 44783 | E13: 2 | F13: 4 | G13: 44784 | H13: 18-19/10/2022 | I13: 1008 | J13: 21 | K13: 25 | M13: 2.0833333 | Y13: 2 | AJ13: 6900
C14: 44783 | E14: 3 | F14: 4 | G14: 44784 | H14: 18-19/10/2022 | I14: 1019 | J14: 42 | K14: 29 | M14: 4.1216879 | Y14: 2 | AJ14: 6900
A15: 5 | B15: 2 | C15: 44784 | D15: YES | E15: 1 | F15: 5 | G15: 44785 | H15: 44851 | I15: 1000 | J15: 54 | K15: 20 | M15: 5.4 | N15: 5.1822911 | P15: =(N15)/($O$3) -> 1.9370804 | Q15: =((J15)+(J16)+(J17))/((I15)+(I16)+(I17))*100 -> 5.1849406 | R15: =100-(Q15) -> 94.815059 | S15: 996 | T15: 34 | V15: 3.4136546 | W15: =GEOMEAN(V15:V17) -> 2.6341806 | X15: 0 | Y15: 1 | Z15: 7.4 | AA15: 0 | AB15: 1 | AC15: 1 | AD15: 0 | AE15: 1 | AF15: 1 | AG15: 1966 | AH15: 0.06 | AI15: 0 | AJ15: 1110 | AK15: 0.0444 | AL15: 0
C16: 44784 | E16: 2 | F16: 5 | G16: 44785 | H16: 44851 | I16: 1016 | J16: 53 | K16: 31 | M16: 5.2165354 | S16: 1059 | T16: 29 | V16: 2.7384325 | Y16: 1 | AJ16: 1110
C17: 44784 | E17: 3 | F17: 5 | G17: 44785 | H17: 44851 | I17: 1012 | J17: 50 | K17: 26 | M17: 4.9407115 | S17: 716 | T17: 14 | V17: 1.9553073 | Y17: 1 | AJ17: 1110
A18: 6 | B18: 5 | C18: 44792 | D18: YES | E18: 1 | F18: 6 | G18: 44793 | H18: 09-10-25/01/2023 + 01/02/2023 | I18: 1012 | J18: 188 | K18: 58 | L18: YES | M18: 18.577075 | N18: 33.163404 | P18: =(N18)/($O$3) -> 12.396097 | Q18: =((J18)+(J19)+(J20))/((I18)+(I19)+(I20))*100 -> 37.252312 | R18: =100-(Q18) -> 62.747688 | X18: 0 | Y18: 2 | Z18: 8.5 | AA18: 1 | AB18: 1 | AC18: 1 | AD18: 1 | AE18: 1 | AF18: 1 | AG18: 40310 | AH18: 0.8 | AI18: 0 | AJ18: 87894 | AK18: 0.75788 | AL18: 0
C19: 44792 | E19: 2 | F19: 6 | G19: 44793 | H19: 09-10-25/01/2023 + 01/02/2023 | I19: 1009 | J19: 330 | K19: 90 | L19: YES | M19: 32.705649 | Y19: 2 | AJ19: 87894
C20: 44792 | E20: 3 | F20: 6 | G20: 44793 | H20: 09-10-25/01/2023 + 01/02/2023 | I20: 1007 | J20: 610 | K20: 105 | L20: YES | M20: 60.575968 | Y20: 2 | AJ20: 87894
A21: 7 | B21: 16 | C21: 44830 | D21: NO | E21: 1 | F21: 7 | G21: 44831 | H21: 44915 | I21: 1008 | J21: 52 | K21: 25 | M21: 5.1587302 | N21: 4.3407191 | Q21: =((J21)+(J22)+(J23))/((I21)+(I22)+(I23))*100 -> 4.3574361 | R21: =100-(Q21) -> 95.642564 | X21: 0 | Y21: 0 | Z21: 10.7 | AA21: 1 | AB21: 2 | AC21: 1 | AD21: 0 | AE21: 1 | AF21: 1 | AG21: 7333 | AH21: 0.1 | AI21: 0 | AJ21: 7334 | AK21: 0.34668 | AL21: 0
C22: 44830 | E22: 2 | F22: 7 | G22: 44831 | H22: 44915 | I22: 1057 | J22: 44 | K22: 22 | M22: 4.1627247 | Y22: 0 | AJ22: 7334
C23: 44830 | E23: 3 | F23: 7 | G23: 44831 | H23: 44915 | I23: 1102 | J23: 42 | K23: 24 | M23: 3.8112523 | Y23: 0 | AJ23: 7334
A24: 8 | B24: 16 | C24: 44830 | D24: NO | E24: 1 | F24: 8 | G24: 44831 | H24: 44931 | I24: 1031 | J24: 12 | K24: 12 | L24: YES | M24: 1.1639185 | N24: 1.2159671 | Q24: =((J24)+(J25)+(J26))/((I24)+(I25)+(I26))*100 -> 1.2191209 | R24: =100-(Q24) -> 98.780879 | X24: 0 | Y24: 0 | Z24: 6 | AA24: 1 | AB24: 2 | AC24: 1 | AD24: 1 | AE24: 1 | AF24: 1 | AG24: 3098 | AH24: 0.3 | AI24: 0 | AJ24: 55043 | AK24: 0.00186 | AL24: 0
C25: 44830 | E25: 2 | F25: 8 | G25: 44831 | H25: 44931 | I25: 1027 | J25: 12 | K25: 15 | L25: YES | M25: 1.1684518 | Y25: 0 | AJ25: 55043
C26: 44830 | E26: 3 | F26: 8 | G26: 44831 | H26: 44931 | I26: 1059 | J26: 14 | K26: 10 | L26: YES | M26: 1.3220019 | Y26: 0 | AJ26: 55043
A27: 9 | B27: 8 | C27: 44802 | D27: NO | E27: 1 | F27: 9 | G27: 44803 | H27: 27/10/2022 + 02-07-08-09-13-15-16-17-21-28/02/2023+ 01/03/2023 | I27: 1000 | J27: 259 | K27: 376 | L27: YES | M27: 25.9 | N27: 20.211266 | P27: =(N27)/($O$3) -> 7.5547373 | Q27: =((J27)+(J28)+(J29))/((I27)+(I28)+(I29))*100 -> 20.552965 | R27: =100-(Q27) -> 79.447035 | X27: 0 | Y27: 2 | Z27: 7.3 | AA27: 0 | AB27: 2 | AC27: 1 | AD27: 1 | AE27: 1 | AF27: 1 | AG27: 3037 | AH27: 0.06 | AI27: 78 | AJ27: 3931 | AK27: 0.07864 | AL27: 0
C28: 44802 | E28: 2 | F28: 9 | G28: 44803 | H28: 27/10/2022 + 02-07-08-09-13-15-16-17-21-28/02/2023+ 01/03/2023 | I28: 1000 | J28: 169 | K28: 241 | L28: YES | M28: 16.9 | Y28: 2 | AJ28: 3931
C29: 44802 | E29: 3 | F29: 9 | G29: 44803 | H29: 27/10/2022 + 02-07-08-09-13-15-16-17-21-28/02/2023+ 01/03/2023 | I29: 1002 | J29: 189 | K29: 217 | L29: YES | M29: 18.862275 | Y29: 2 | AJ29: 3931
A30: 10 | B30: 9 | C30: 44806 | D30: NO | E30: 1 | F30: 10 | G30: 44806 | H30: 44865 | I30: 1021 | J30: 11 | K30: 15 | M30: 1.0773751 | N30: 1.2351636 | Q30: =((J30)+(J31)+(J32))/((I30)+(I31)+(I32))*100 -> 1.2459016 | R30: =100-(Q30) -> 98.754098 | X30: 0 | Y30: 1 | Z30: 10.4 | AA30: 1 | AB30: 2 | AC30: 1 | AD30: 1 | AE30: 1 | AF30: 1 | AG30: 6190 | AH30: 0.03 | AI30: 0 | AJ30: 3105 | AK30: 0.164 | AL30: 0
C31: 44806 | E31: 2 | F31: 10 | G31: 44806 | H31: 44865 | I31: 1024 | J31: 12 | K31: 18 | M31: 1.171875 | Y31: 1 | AJ31: 3105
C32: 44806 | E32: 3 | F32: 10 | G32: 44806 | H32: 44865 | I32: 1005 | J32: 15 | K32: 15 | M32: 1.4925373 | Y32: 1 | AJ32: 3105
A33: 11 | B33: 16 | C33: 44830 | D33: NO | E33: 1 | F33: 11 | G33: 44831 | H33: 03-05/01/2023 | I33: 1015 | J33: 36 | K33: 71 | L33: YES | M33: 3.546798 | N33: 2.9017239 | Q33: =((J33)+(J34)+(J35))/((I33)+(I34)+(I35))*100 -> 2.979146 | R33: =100-(Q33) -> 97.020854 | X33: 0 | Y33: 0 | Z33: 4.9 | AA33: 0 | AB33: 2 | AC33: 1 | AD33: 1 | AE33: 1 | AF33: 1 | AG33: 1450 | AH33: 0.05 | AI33: 0 | AJ33: 4034 | AK33: 0.08068 | AL33: 0
C34: 44830 | E34: 2 | F34: 11 | G34: 44831 | H34: 03-05/01/2023 | I34: 1002 | J34: 33 | K34: 77 | L34: YES | M34: 3.2934132 | Y34: 0 | AJ34: 4034
C35: 44830 | E35: 3 | F35: 11 | G35: 44831 | H35: 03-05/01/2023 | I35: 1004 | J35: 21 | K35: 89 | L35: YES | M35: 2.0916335 | Y35: 0 | AJ35: 4034
A36: 12 | B36: 9 | C36: 44806 | D36: NO | E36: 1 | F36: 12 | G36: 44806 | H36: 44603 | I36: 1041 | J36: 81 | K36: 13 | M36: 7.7809798 | N36: 7.0124746 | P36: =(N36)/($O$3) -> 2.6211818 | Q36: =((J36)+(J37)+(J38))/((I36)+(I37)+(I38))*100 -> 7.0490227 | R36: =100-(Q36) -> 92.950977 | X36: 0 | Y36: 1 | Z36: 8 | AA36: 0 | AB36: 2 | AC36: 1 | AD36: 1 | AE36: 1 | AF36: 1 | AG36: 7630 | AH36: 0.4 | AI36: 0 | AJ36: 10360 | AK36: 0.40711 | AL36: 0
C37: 44806 | E37: 2 | F37: 12 | G37: 44806 | H37: 44603 | I37: 1005 | J37: 76 | K37: 16 | M37: 7.5621891 | Y37: 1 | AJ37: 10360
C38: 44806 | E38: 3 | F38: 12 | G38: 44806 | H38: 44603 | I38: 1075 | J38: 63 | K38: 9 | M38: 5.8604651 | Y38: 1 | AJ38: 10360
A39: 13 | B39: 10 | C39: 44809 | D39: NO | E39: 1 | F39: 13 | G39: 44807 | H39: 44869 | I39: 1016 | J39: 65 | K39: 13 | M39: 6.3976378 | N39: 7.7787663 | P39: =(N39)/($O$3) -> 2.9076128 | Q39: =((J39)+(J40)+(J41))/((I39)+(I40)+(I41))*100 -> 7.8596947 | R39: =100-(Q39) -> 92.140305 | X39: 0 | Y39: 1 | Z39: 7.8 | AA39: 1 | AB39: 2 | AC39: 1 | AD39: 1 | AE39: 1 | AF39: 1 | AG39: 4538 | AH39: 0.3 | AI39: 0 | AJ39: 18838 | AK39: 0.57676 | AL39: 0
C40: 44809 | E40: 2 | F40: 13 | G40: 44807 | H40: 44869 | I40: 1015 | J40: 86 | K40: 20 | M40: 8.4729064 | Y40: 1 | AJ40: 18838
C41: 44809 | E41: 3 | F41: 13 | G41: 44807 | H41: 44869 | I41: 1048 | J41: 91 | K41: 17 | M41: 8.6832061 | Y41: 1 | AJ41: 18838
A42: 14 | B42: 9 | C42: 44806 | D42: NO | E42: 1 | F42: 14 | G42: 44806 | H42: 44867 | I42: 1030 | J42: 22 | K42: 35 | M42: 2.1359223 | N42: 2.4488966 | Q42: =((J42)+(J43)+(J44))/((I42)+(I43)+(I44))*100 -> 2.5177534 | R42: =100-(Q42) -> 97.482247 | X42: 0 | Y42: 0 | Z42: 10 | AA42: 0 | AB42: 2 | AC42: 1 | AD42: 1 | AE42: 1 | AF42: 1 | AG42: 1376 | AH42: 0.05 | AI42: 0 | AJ42: 7007 | AK42: 0.04134 | AL42: 0
C43: 44806 | E43: 2 | F43: 14 | G43: 44806 | H43: 44867 | I43: 1048 | J43: 35 | K43: 31 | M43: 3.3396947 | Y43: 0 | AJ43: 7007
C44: 44806 | E44: 3 | F44: 14 | G44: 44806 | H44: 44867 | I44: 1020 | J44: 21 | K44: 39 | M44: 2.0588235 | Y44: 0 | AJ44: 7007
A45: 15 | B45: 8 | C45: 44802 | D45: NO | E45: 1 | F45: 15 | G45: 44803 | H45: 44860 | I45: 1000 | J45: 17 | K45: 47 | M45: 1.7 | N45: 1.8285156 | Q45: =((J45)+(J46)+(J47))/((I45)+(I46)+(I47))*100 -> 1.8324607 | R45: =100-(Q45) -> 98.167539 | X45: 0 | Y45: 0 | Z45: 5.3 | AA45: 0 | AB45: 2 | AC45: 1 | AD45: 1 | AE45: 1 | AF45: 1 | AG45: 8060 | AH45: 0.06 | AI45: 0 | AJ45: 1197 | AK45: 0.14594 | AL45: 0
C46: 44802 | E46: 2 | F46: 15 | G46: 44803 | H46: 44860 | I46: 1039 | J46: 19 | K46: 84 | M46: 1.8286814 | Y46: 0 | AJ46: 1197
C47: 44802 | E47: 3 | F47: 15 | G47: 44803 | H47: 44860 | I47: 1017 | J47: 20 | K47: 64 | M47: 1.9665683 | Y47: 0 | AJ47: 1197
A48: 16 | B48: 12 | C48: 44816 | D48: NO | E48: 1 | F48: 16 | G48: 44817 | H48: 44916 | I48: 1029 | J48: 37 | K48: 29 | M48: 3.595724 | N48: 2.3833296 | Q48: =((J48)+(J49)+(J50))/((I48)+(I49)+(I50))*100 -> 2.4710666 | R48: =100-(Q48) -> 97.528933 | X48: 0 | Y48: 0 | Z48: 8.3 | AA48: 1 | AB48: 3 | AC48: 1 | AD48: 0 | AE48: 1 | AF48: 1 | AG48: 8043 | AH48: 0.1 | AI48: 0 | AJ48: 1078 | AK48: 0.04356 | AL48: 0
C49: 44816 | E49: 2 | F49: 16 | G49: 44817 | H49: 44916 | I49: 1164 | J49: 22 | K49: 26 | M49: 1.8900344 | Y49: 0 | AJ49: 1078
C50: 44816 | E50: 3 | F50: 16 | G50: 44817 | H50: 44916 | I50: 1004 | J50: 20 | K50: 30 | M50: 1.9920319 | Y50: 0 | AJ50: 1078
A51: 17 | B51: 12 | C51: 44816 | D51: NO | E51: 1 | F51: 17 | G51: 44817 | H51: 44916 | I51: 1050 | J51: 22 | K51: 15 | M51: 2.0952381 | N51: 1.7963137 | Q51: =((J51)+(J52)+(J53))/((I51)+(I52)+(I53))*100 -> 1.8181818 | R51: =100-(Q51) -> 98.181818 | X51: 0 | Y51: 0 | Z51: 5.9 | AA51: 0 | AB51: 3 | AC51: 1 | AD51: 1 | AE51: 1 | AF51: 1 | AG51: 43043 | AH51: 0.9 | AI51: 0 | AJ51: 4017 | AK51: 0.08054 | AL51: 0
C52: 44816 | E52: 2 | F52: 17 | G52: 44817 | H52: 44916 | I52: 1014 | J52: 19 | K52: 18 | M52: 1.8737673 | Y52: 0 | AJ52: 4017
C53: 44816 | E53: 3 | F53: 17 | G53: 44817 | H53: 44916 | I53: 1016 | J53: 15 | K53: 14 | M53: 1.476378 | Y53: 0 | AJ53: 4017
A54: 18 | B54: 10 | C54: 44809 | D54: NO | E54: 1 | F54: 18 | G54: 44810 | H54: 8-9/11/2022 | I54: 1012 | J54: 39 | K54: 30 | M54: 3.8537549 | N54: 4.1399074 | P54: =(N54)/($O$3) -> 1.5474494 | Q54: =((J54)+(J55)+(J56))/((I54)+(I55)+(I56))*100 -> 4.1491086 | R54: =100-(Q54) -> 95.850891 | X54: 0 | Y54: 1 | Z54: 7.8 | AA54: 0 | AB54: 3 | AC54: 1 | AD54: 1 | AE54: 1 | AF54: 1 | AG54: 9170 | AH54: 0.1 | AI54: 0 | AJ54: 3109 | AK54: 0.16438 | AL54: 0
C55: 44809 | E55: 2 | F55: 18 | G55: 44810 | H55: 8-9/11/2022 | I55: 1037 | J55: 43 | K55: 17 | M55: 4.1465767 | Y55: 1 | AJ55: 3109
C56: 44809 | E56: 3 | F56: 18 | G56: 44810 | H56: 8-9/11/2022 | I56: 1036 | J56: 46 | K56: 15 | M56: 4.4401544 | Y56: 1 | AJ56: 3109
A57: 19 | B57: 13 | C57: 44819 | D57: NO | E57: 1 | F57: 19 | G57: 44820 | H57: 44918 | I57: 1090 | J57: 21 | K57: 7 | M57: 1.9266055 | N57: 2.4152694 | Q57: =((J57)+(J58)+(J59))/((I57)+(I58)+(I59))*100 -> 2.438262 | R57: =100-(Q57) -> 97.561738 | X57: 0 | Y57: 0 | Z57: 35.8 | AA57: 1 | AB57: 3 | AC57: 1 | AD57: 1 | AE57: 1 | AF57: 1 | AG57: 4606 | AH57: 0.3 | AI57: 0 | AJ57: 18805 | AK57: 0.5763 | AL57: 0
C58: 44819 | E58: 2 | F58: 19 | G58: 44820 | H58: 44918 | I58: 1014 | J58: 28 | K58: 13 | M58: 2.7613412 | Y58: 0 | AJ58: 18805
C59: 44819 | E59: 3 | F59: 19 | G59: 44820 | H59: 44918 | I59: 1095 | J59: 29 | K59: 11 | M59: 2.6484018 | Y59: 0 | AJ59: 18805
A60: 20 | B60: 10 | C60: 44809 | D60: NO | E60: 1 | F60: 20 | G60: 44810 | H60: 22-24/11/2022 | I60: 1062 | J60: 67 | K60: 10 | M60: 6.3088512 | N60: 6.7296651 | P60: =(N60)/($O$3) -> 2.5154709 | Q60: =((J60)+(J61)+(J62))/((I60)+(I61)+(I62))*100 -> 6.775851 | R60: =100-(Q60) -> 93.224149 | X60: 0 | Y60: 1 | Z60: 5.9 | AA60: 1 | AB60: 3 | AC60: 2 | AD60: 1 | AE60: 1 | AF60: 1 | AG60: 1659 | AH60: 0.3 | AI60: 0 | AJ60: 1611 | AK60: 0.15144 | AL60: 0
C61: 44809 | E61: 2 | F61: 20 | G61: 44810 | H61: 22-24/11/2022 | I61: 1009 | J61: 82 | K61: 11 | M61: 8.1268583 | Y61: 1 | AJ61: 1611
C62: 44809 | E62: 3 | F62: 20 | G62: 44810 | H62: 22-24/11/2022 | I62: 1043 | J62: 62 | K62: 11 | M62: 5.9443912 | Y62: 1 | AJ62: 1611
A63: 21 | B63: 10 | C63: 44809 | D63: NO | E63: 1 | F63: 21 | G63: 44810 | H63: 9,14,21-22-24/11/2022 | I63: 1016 | J63: 63 | K63: 62 | M63: 6.2007874 | N63: 6.6287988 | P63: =(N63)/($O$3) -> 2.4777682 | Q63: =((J63)+(J64)+(J65))/((I63)+(I64)+(I65))*100 -> 6.9553806 | R63: =100-(Q63) -> 93.044619 | X63: 0 | Y63: 1 | Z63: 7.8 | AA63: 0 | AB63: 3 | AC63: 2 | AD63: 0 | AE63: 1 | AF63: 1 | AG63: 1604 | AH63: 0.05 | AI63: 0 | AJ63: 870 | AK63: 0.00741 | AL63: 0
C64: 44809 | E64: 2 | F64: 21 | G64: 44810 | H64: 9,14,21-22-24/11/2022 | I64: 1030 | J64: 48 | K64: 18 | M64: 4.6601942 | Y64: 1 | AJ64: 870
C65: 44809 | E65: 3 | F65: 21 | G65: 44810 | H65: 9,14,21-22-24/11/2022 | I65: 1002 | J65: 101 | K65: 127 | M65: 10.07984 | Y65: 1 | AJ65: 870
A66: 22 | B66: 14 | C66: 44823 | D66: NO | E66: 1 | F66: 22 | G66: 44824 | H66: 44895 | I66: 1060 | J66: 75 | K66: 15 | M66: 7.0754717 | N66: 7.3664918 | P66: =(N66)/($O$3) -> 2.7535094 | Q66: =((J66)+(J67)+(J68))/((I66)+(I67)+(I68))*100 -> 7.3917291 | R66: =100-(Q66) -> 92.608271 | X66: 0 | Y66: 2 | Z66: 6.8 | AA66: 0 | AB66: 3 | AC66: 2 | AD66: 0 | AE66: 1 | AF66: 1 | AG66: 3880 | AH66: 0.08 | AI66: 0 | AJ66: 9514 | AK66: 0.09048 | AL66: 0
C67: 44823 | E67: 2 | F67: 22 | G67: 44824 | H67: 44895 | I67: 1003 | J67: 84 | K67: 29 | M67: 8.3748754 | Y67: 2 | AJ67: 9514
C68: 44823 | E68: 3 | F68: 22 | G68: 44824 | H68: 44895 | I68: 1008 | J68: 68 | K68: 26 | M68: 6.7460317 | Y68: 2 | AJ68: 9514
A69: 23 | B69: 10 | C69: 44809 | D69: NO | E69: 1 | F69: 23 | G69: 44810 | H69: 44873 | I69: 1037 | J69: 40 | K69: 18 | M69: 3.8572806 | N69: 3.7211313 | P69: =(N69)/($O$3) -> 1.3909158 | Q69: =((J69)+(J70)+(J71))/((I69)+(I70)+(I71))*100 -> 3.7261146 | R69: =100-(Q69) -> 96.273885 | X69: 0 | Y69: 1 | Z69: 4.9 | AA69: 0 | AB69: 3 | AC69: 1 | AD69: 1 | AE69: 1 | AF69: 1 | AG69: 6566 | AH69: 0.03 | AI69: 0 | AJ69: 779 | AK69: 0.13558 | AL69: 0
C70: 44809 | E70: 2 | F70: 23 | G70: 44810 | H70: 44873 | I70: 1025 | J70: 36 | K70: 36 | M70: 3.5121951 | Y70: 1 | AJ70: 779
C71: 44809 | E71: 3 | F71: 23 | G71: 44810 | H71: 44873 | I71: 1078 | J71: 41 | K71: 12 | M71: 3.8033395 | Y71: 1 | AJ71: 779
A72: 24 | B72: 13 | C72: 44819 | D72: NO | E72: 1 | F72: 24 | G72: 44820 | H72: 44958 | I72: 1043 | J72: 44 | K72: 12 | M72: 4.2186002 | N72: 3.2866398 | Q72: =((J72)+(J73)+(J74))/((I72)+(I73)+(I74))*100 -> 3.3537569 | R72: =100-(Q72) -> 96.646243 | X72: 0 | Y72: 0 | Z72: 6.5 | AA72: 1 | AB72: 3 | AC72: 1 | AD72: 1 | AE72: 1 | AF72: 1 | AG72: 3054 | AH72: 0.06 | AI72: 0 | AJ72: 5093 | AK72: 0.00386 | AL72: 0
C73: 44819 | E73: 2 | F73: 24 | G73: 44820 | H73: 44958 | I73: 1039 | J73: 27 | K73: 12 | M73: 2.5986526 | Y73: 0 | AJ73: 5093
C74: 44819 | E74: 3 | F74: 24 | G74: 44820 | H74: 44958 | I74: 1019 | J74: 33 | K74: 15 | M74: 3.2384691 | Y74: 0 | AJ74: 5093
A75: 25 | B75: 10 | C75: 44809 | D75: NO | E75: 1 | F75: 25 | G75: 44810 | H75: 44887 | I75: 1010 | J75: 150 | K75: 13 | M75: 14.851485 | N75: 16.496725 | P75: =(N75)/($O$3) -> 6.1662849 | Q75: =((J75)+(J76)+(J77))/((I75)+(I76)+(I77))*100 -> 16.569201 | R75: =100-(Q75) -> 83.430799 | S75: 973 | T75: 152 | U75: 12 | V75: 15.621788 | W75: =GEOMEAN(V75:V77) -> 17.327055 | X75: 0 | Y75: 2 | Z75: 11.2 | AA75: 1 | AB75: 3 | AC75: 1 | AD75: 0 | AE75: 1 | AF75: 1 | AG75: 47704 | AH75: 1 | AI75: 0 | AJ75: 6001 | AK75: 1.01114 | AL75: 0
C76: 44809 | E76: 2 | F76: 25 | G76: 44810 | H76: 44887 | I76: 1038 | J76: 171 | K76: 8 | M76: 16.473988 | S76: 1072 | T76: 174 | U76: 14 | V76: 16.231343 | Y76: 2 | AJ76: 6001
C77: 44809 | E77: 3 | F77: 25 | G77: 44810 | H77: 44887 | I77: 1030 | J77: 189 | K77: 15 | M77: 18.349515 | S77: 853 | T77: 175 | U77: 11 | V77: 20.515826 | Y77: 2 | AJ77: 6001
A78: 26 | B78: 12 | C78: 44816 | D78: NO | E78: 1 | F78: 26 | G78: 44817 | H78: 44894 | I78: 1037 | J78: 56 | K78: 19 | L78: YES | M78: 5.4001929 | N78: 4.8764458 | P78: =(N78)/($O$3) -> 1.822759 | Q78: =((J78)+(J79)+(J80))/((I78)+(I79)+(I80))*100 -> 4.9115914 | R78: =100-(Q78) -> 95.088409 | X78: 0 | Y78: 1 | Z78: 7.8 | AA78: 1 | AB78: 3 | AC78: 2 | AD78: 0 | AE78: 1 | AF78: 1 | AG78: 8434 | AH78: 0.4 | AI78: 57 | AJ78: 863 | AK78: 0.00716 | AL78: 0
C79: 44816 | E79: 2 | F79: 26 | G79: 44817 | H79: 44894 | I79: 1009 | J79: 42 | K79: 15 | L79: YES | M79: 4.1625372 | Y79: 1 | AJ79: 863
C80: 44816 | E80: 3 | F80: 26 | G80: 44817 | H80: 44894 | I80: 1008 | J80: 52 | K80: 14 | L80: YES | M80: 5.1587302 | Y80: 1 | AJ80: 863
A81: 27 | B81: 13 | C81: 44819 | D81: NO | E81: 1 | F81: 27 | G81: 44820 | H81: 12/22/2022 | I81: 1012 | J81: 63 | K81: 20 | M81: 6.2252964 | N81: 5.5692923 | Q81: =((J81)+(J82)+(J83))/((I81)+(I82)+(I83))*100 -> 5.7124097 | R81: =100-(Q81) -> 94.28759 | X81: 0 | Y81: 0 | Z81: 8 | AA81: 1 | AB81: 3 | AC81: 1 | AD81: 0 | AE81: 1 | AF81: 1 | AG81: 3648 | AH81: 0.07 | AI81: 0 | AJ81: 6704 | AK81: 0.03408 | AL81: 0
C82: 44819 | E82: 2 | F82: 27 | G82: 44820 | H82: 12/22/2022 | I82: 1017 | J82: 41 | K82: 27 | M82: 4.0314651 | Y82: 0 | AJ82: 6704
C83: 44819 | E83: 3 | F83: 27 | G83: 44820 | H83: 12/22/2022 | I83: 1017 | J83: 70 | K83: 27 | M83: 6.8829892 | Y83: 0 | AJ83: 6704
A84: 28 | B84: 14 | C84: 44823 | D84: NO | E84: 1 | F84: 28 | G84: 44824 | H84: 44958 | I84: 1053 | J84: 25 | K84: 12 | M84: 2.374169 | N84: 3.0366109 | Q84: =((J84)+(J85)+(J86))/((I84)+(I85)+(I86))*100 -> 3.069889 | R84: =100-(Q84) -> 96.930111 | X84: 0 | Y84: 0 | Z84: 7.9 | AA84: 0 | AB84: 3 | AC84: 1 | AD84: 0 | AE84: 1 | AF84: 1 | AG84: 1818 | AH84: 0.06 | AI84: 0 | AJ84: 68 | AK84: 0.10036 | AL84: 0
C85: 44823 | E85: 2 | F85: 28 | G85: 44824 | H85: 44958 | I85: 1000 | J85: 34 | K85: 12 | M85: 3.4 | Y85: 0 | AJ85: 68
C86: 44823 | E86: 3 | F86: 28 | G86: 44824 | H86: 44958 | I86: 1009 | J86: 35 | K86: 38 | M86: 3.468781 | Y86: 0 | AJ86: 68
A87: 29 | B87: 13 | C87: 44819 | D87: NO | E87: 1 | F87: 29 | G87: 44820 | H87: 12/22/2022 | I87: 1153 | J87: 48 | K87: 5 | M87: 4.1630529 | N87: 3.7525235 | Q87: =((J87)+(J88)+(J89))/((I87)+(I88)+(I89))*100 -> 3.8153846 | R87: =100-(Q87) -> 96.184615 | S87: 1194 | T87: 80 | U87: 3 | V87: 6.7001675 | W87: =GEOMEAN(V87:V89) -> 5.8162997 | X87: 0 | Y87: 0 | Z87: 7.5 | AA87: 1 | AB87: 3 | AC87: 2 | AD87: 1 | AE87: 1 | AF87: 1 | AG87: 30333 | AH87: 0.6 | AI87: 0 | AJ87: 50130 | AK87: 0.0046 | AL87: 0
C88: 44819 | E88: 2 | F88: 29 | G88: 44820 | H88: 12/22/2022 | I88: 1031 | J88: 45 | K88: 4 | M88: 4.3646945 | S88: 1785 | T88: 77 | U88: 3 | V88: 4.3137255 | Y88: 0 | AJ88: 50130
C89: 44819 | E89: 3 | F89: 29 | G89: 44820 | H89: 12/22/2022 | I89: 1066 | J89: 31 | K89: 5 | M89: 2.9080675 | S89: 1087 | T89: 74 | U89: 3 | V89: 6.8077277 | Y89: 0 | AJ89: 50130
A90: 30 | B90: 12 | C90: 44816 | D90: NO | E90: 1 | F90: 30 | G90: 44817 | H90: 44890 | I90: 1012 | J90: 42 | K90: 28 | M90: 4.1501976 | N90: 4.7315132 | P90: =(N90)/($O$3) -> 1.7685849 | Q90: =((J90)+(J91)+(J92))/((I90)+(I91)+(I92))*100 -> 4.7540984 | R90: =100-(Q90) -> 95.245902 | X90: 0 | Y90: 1 | Z90: 8.1 | AA90: 0 | AB90: 3 | AC90: 2 | AD90: 1 | AE90: 1 | AF90: 1 | AG90: 1605 | AH90: 0.3 | AI90: 0 | AJ90: 54 | AK90: 0.00308 | AL90: 0
C91: 44816 | E91: 2 | F91: 30 | G91: 44817 | H91: 44890 | I91: 1028 | J91: 50 | K91: 19 | M91: 4.8638132 | Y91: 1 | AJ91: 54
C92: 44816 | E92: 3 | F92: 30 | G92: 44817 | H92: 44890 | I92: 1010 | J92: 53 | K92: 29 | M92: 5.2475248 | Y92: 1 | AJ92: 54
A93: 31 | B93: 15 | C93: 44826 | D93: NO | E93: 1 | F93: 31 | G93: 44827 | H93: 1-5/12/2022 | I93: 1000 | J93: 58 | K93: 70 | L93: YES | M93: 5.8 | N93: 5.4760659 | P93: =(N93)/($O$3) -> 2.04689 | Q93: =((J93)+(J94)+(J95))/((I93)+(I94)+(I95))*100 -> 5.5102706 | R93: =100-(Q93) -> 94.489729 | X93: 0 | Y93: 1 | Z93: 5.3 | AA93: 0 | AB93: 4 | AC93: 1 | AD93: 0 | AE93: 1 | AF93: 1 | AG93: 9569 | AH93: 0.1 | AI93: 78 | AJ93: 5665 | AK93: 0.3033 | AL93: 0
C94: 44826 | E94: 2 | F94: 31 | G94: 44827 | H94: 1-5/12/2022 | I94: 1040 | J94: 48 | K94: 24 | L94: YES | M94: 4.6153846 | Y94: 1 | AJ94: 5665
C95: 44826 | E95: 3 | F95: 31 | G95: 44827 | H95: 1-5/12/2022 | I95: 1027 | J95: 63 | K95: 46 | L95: YES | M95: 6.134372 | Y95: 1 | AJ95: 5665
A96: 32 | B96: 15 | C96: 44826 | D96: NO | E96: 1 | F96: 32 | G96: 44827 | H96: 1-6-8-13-21/12/2022 | I96: 1013 | J96: 304 | K96: 84 | L96: YES | M96: 30.009872 | N96: 32.422966 | P96: =(N96)/($O$3) -> 12.119329 | Q96: =((J96)+(J97)+(J98))/((I96)+(I97)+(I98))*100 -> 32.726068 | R96: =100-(Q96) -> 67.273932 | X96: 0 | Y96: 2 | Z96: 7 | AA96: 0 | AB96: 4 | AC96: 1 | AD96: 0 | AE96: 1 | AF96: 1 | AG96: 3600 | AH96: 0.07 | AI96: 0 | AJ96: 3380 | AK96: 0.06761 | AL96: 0
C97: 44826 | E97: 2 | F97: 32 | G97: 44827 | H97: 1-6-8-13-21/12/2022 | I97: 1001 | J97: 394 | K97: 96 | L97: YES | M97: 39.360639 | Y97: 2 | AJ97: 3380
C98: 44826 | E98: 3 | F98: 32 | G98: 44827 | H98: 1-6-8-13-21/12/2022 | I98: 1005 | J98: 290 | K98: 135 | L98: YES | M98: 28.855721 | Y98: 2 | AJ98: 3380

Sheet evSCAs - Data dictionary
A1: ITEM_NAME | B1: DESCRIPTION_LABEL | C1: RESPONSE_LABEL | D1: RESPONSE_OPTIONS_TEXT | E1: DATA_TYPE | F1: COMMENTS
A2: ID | B2: Sample number | E2: Character String (ST)
A3: Experiment (= Sample collection Number) | B3: Experiment in which samples are included, this is done by sample collection | C3: Experiment | D3: 1 to 16 | E3: Categorical (CAT)
A4: Sample collection date | B4: Date when the sample was collected | C4: Sample collection date | E4: Temporal (Ordinal)
A5: IFA smear incl. CTRL | B5: Did the IFA smear include a negative control without primary antibody anti-Pfs16? | C5: IFA smear incl. CTRL | D5: YES, NO | E5: Categorical (CAT)
A6: IFA Replicate Number | B6: Number of IFA smear replicates from one same blood sample and parasite culture | C6: IFA Replicate nr. | E6: Continuous (CONT)
A7: Sample | B7: Cultured P. falciparum sample, three triplicates per culture (sample/culture number "1" = three replicates with each as number "1") | C7: Sample | D7: Sample | E7: INT
A8: Date of IFA staining | B8: Date when IFA smear was stained for IFA | C8: Date of IFA staining | E8: Temporal (Ordinal)
A9: Date o IFA counting | B9: Date when IFA smear was counted for IFA | C9: Date of IFA counting | E9: Temporal (Ordinal) | F9: Reader 1
A10: Total_parasite_counts | B10: Number of parasites coloured with DAPI DNA stain | C10: Number DAPI+ parasites | E10: Continuous (CONT) | F10: Reader 1 + Reader 2
A11: Gametocyte_counts | B11: Number of Pfs16+ gametocytes stage I | C11: Number of Pfs16+ sexual stages | E11: Continuous (CONT) | F11: Reader 1 + Reader 2
A12: Number fields counted | B12: Number of fields needed to be counted to reach at least 1000 DAPI+ parasites | C12: Number fields counted | E12: Continuous (CONT) | F12: Reader 1 + Reader 2
A13: Gametocyte stage V seen & not counted | B13: Were gametocytes stage V present in the IFA smear and were excluded from the "Number of Pfs16+ sexual stages"? | C13: Gametocyte stage V seen & not counted | D13: YES, NO | E13: Categorical (CAT) | F13: Reader 1
A14: SCR | B14: Per IFA replicate: Proportion of sexual parasites on the total parasitemia i.e. ("Number of Pfs16+ sexual stages")/("Number of DAPI/ parasites")*100 | C14: SCR | E14: Continuous (CONT) | F14: Reader 1 + Reader 2
A15: Mean SCR | B15: Mean of the SCR of the three IFA replicates per sample | C15: Mean SCR | E15: Continuous (CONT) | F15: Reader 1 + Reader 2
A16: Median SCR_HbAA | B16: Median of "Mean SCR" in all HbAA samples | C16: Median SCR_HbAA | E16: Continuous (CONT) | F16: Reader 1 (main)
A17: FC SCR | B17: Fold change (FC) in HbXX (with XX = AC or AS) relative to "Median SCR" of all HbAA samples i.e., SCR in HbXX (with XX = AC or AS) divided by SCR in HbAA | C17: FC SCR | E17: Continuous (CONT) | F17: Reader 1 (main)
A18: Gametocytes_stageI_D1 | B18: Proportion of sexual Pfs16+ parasites on the total counted parasites (DAPI+) by IFA after MACS at Day 1 (D1) | C18: Mean_proportion Sexual par_Pfs16+_D1 | E18: Continuous (CONT) | F18: Reader 1 (main)
A19: Asexual_stages_D1 | B19: Proportion of Asexual parasites on the total counted parasites (DAPI+) by IFA after MACS at Day 1 (D1) | C19: Mean_proportion Asexual par_D1 | E19: Continuous (CONT) | F19: Reader 1 (main)
A20: Choline | B20: Choline+ or Choline- culture medium used? | C20: Choline + or Choline- | D20: (+) = 1; (-) = 0 | E20: Categorical (CAT)
A21: HBB Genotype | B21: Hemoglobin beta (HBB) genotype | C21: HBB Genotype | D21: HbAA = 0; HbAC = 1; HbAS = 2 | E21: Categorical (CAT)
A22: Age | B22: Age, months expressed in years | C22: Age | E22: Continuous (CONT)
A23: Gender | B23: Gender | C23: Codified variable | D23: Codified variable | E23: Categorical (CAT)
A24: Village | B24: Village | C24: Codified variable | D24: Codified variable | E24: Categorical (CAT)
A25: Ethnicity | B25: Ethnicity | C25: Codified variable | D25: Codified variable | E25: Categorical (CAT)
A26: Symptomatic | B26: Did the participant have symptoms at the time of sample collection? | C26: Codified variable | D26: Codified variable | E26: Categorical (CAT)
A27: RDT_D0 | B27: What is the result of the RDT at the time of saple collection? | C27: RDT result | D27: Positive = 1, Negative = 0 | E27: Categorical (CAT)
A28: LM_D0 | B28: What is the result of the Light microscopy diagnosis at the time of sample collection (Day 0 i.e., D0)? | C28: LM result | D28: Positive = 1, Negative = 0 | E28: Categorical (CAT)
A29: LM_par_µL_D0 | B29: Light microscopy parasite counts per µL, at the time of sample collection (Day 0 i.e., D0) | C29: LM par/µL | E29: Continuous (CONT)
A30: LM_par_percentage_D0 | B30: Light microscopy parasite counts as % on total counted red blood cells, at the time of sample collection (Day 0 i.e., D0) | C30: LM par% | E30: Continuous (CONT)
A31: LM_Gam_per_µl_D0 | B31: Light microscopy gametocyte counts per µL, at the time of sample collection (Day 0 i.e., D0) | C31: LM Gam/µL | E31: Continuous (CONT)
A32: varATS_par_µL_D0 | B32: varATS qPCR results as parasites per µL, at the time of sample collection (Day 0 i.e., D0) | C32: varATS par/µL | E32: Continuous (CONT)
A33: varATS_par_percentage_D0 | B33: varATS qPCR results as parasites %, at the time of sample collection (Day 0 i.e., D0) | C33: varATS par% | E33: Continuous (CONT)
A34: MixInf | B34: Where there mixed Plasmodium species where seen during light licroscopy evaluation? | C34: MixInf | D34: No = 0, Yes =1 | E34: Categorical (CAT)

Sheet ivSCAs
F1: Patient data --> | L1: Parasite cultures - Flow Cytometry Data --> | BB1: BX to CQ columns: GLMM analysis (proportion on counts) --> | BV1: Parasite cultures - Light Microscopy (LM) Data -->
N2: Number of RBC events / Sample Volume | Q2: Number of RBC events / Sample Volume | T2: Number of RBC events / Sample Volume | AD2: iRBCs% post-sorbitol before SC, Must be <=2,0% | AI2: Asexual and sexual iRBCs% at Generation 1, 25-30 hpi (+CHOLINE cultures) | AK2: Asexual and sexual iRBCs% at Generation 1, 35-40 hpi (+CHOLINE cultures) | AQ2: Median of SCR in all HbAA "TEST" samples | AR2: Fold-change of AC, AS, SC and SS "TEST" samples, relative to "Median SCR" in all HbAA "TEST" samples | AV2: Asexual and sexual iRBCs% at Generation1, 25-30 hpi (-CHOLINE cultures) | AX2: Asexual and sexual iRBCs% at Generation 1, 35-40 hpi (-CHOLINE cultures) | BB2: BX and BY columns: Initial parasitemia counts at 0-5hpi | BD2: BZ and CA columns: +Choline cultures at Gen0 35-40hpi: Late stages proportion | BF2: CB to CE columns: +Choline cultures at Gen1 25-30hpi, Sexual conversion data (CB, CC and CD) and Late stages proportion data (CB and CE) | BJ2: CF to CI columns: +Choline cultures at Gen1 35-40hpi, Sexual conversion data (CF, CG and CI) and Late stages proportion data (CF and CI) | BN2: CJ to CL columns: -Choline cultures at Gen1 25-30hpi, Sexual conversion data | BQ2: CM to CO columns: -Choline cultures at Gen1 35-40hpi, Sexual conversion data | BT2: CP to CQ: Reticulocytes proportion data (CP/CQ)*100
A3: ID | B3: Group | C3: Sample type | D3: Experiment Number | E3: Date start experiment | F3: HBB Genotype | G3: Bloodgroup | H3: Reticulocytes | I3: Gender | J3: CollectionSite | K3: Symptomatic | L3: Number RBC events_CHOLINE_Gen0_35to40hpi | M3: Sample volume_CHOLINE_Gen0_35to40hpi | N3: RBCs_per_µL _CHOLINE_Gen0_35to40hpi | O3: Number RBC events_CHOLINE_Gen1_25to30hpi | P3: Sample volume_CHOLINE_Gen1_25to30hpi | Q3: RBCs_per_µl_CHOLINE_Gen1_25to30hpi | R3: Number RBC events_CHOLINE_Gen1_35to40hpi | S3: Sample volume_CHOLINE_Gen1_35to40hpi | T3: RBCs_per_µL _CHOLINE_Gen1_35to40hpi | U3: PMR_CHOLINE_Gen0_1 | V3: DNAcontent_CHOLINE_Gen0_35to40hpi | W3: DNAcontent_CHOLINE_Gen1_35to40hpi | X3: LateStages_CHOLINE_Gen0_35to40hpi | Y3: LateStages_CHOLINE_Gen1_25to30hpi | Z3: LateStages_CHOLINE_Gen1_35to40hpi | AA3: LateStages_Proportion_CHOLINE_Gen0_35to40hpi | AB3: LateStages_Proportion_CHOLINE_Gen1_25to30hpi | AC3: LateStagesProportion_CHOLINE_Gen1_35to40hpi | AD3: iRBCs_Gen0_0to5hpi | AE3: iRBCs_CHOLINE_Gen0_35to40hpi | AF3: iRBCs_CHOLINE_Gen1_25to30hpi | AG3: iRBCs_CHOLINE_Gen1_35to40hpi | AH3: Raw iRBC counts_CHOLINE_Gen1_35to40hpi | AI3: Sexual_iRBCs_CHOLINE_Gen1_25to30hpi | AJ3: Asexual_iRBCs_CHOLINE_Gen1_25to30hpi | AK3: Sexual_iRBCs_CHOLINE_Gen1_35to40hpi | AL3: Asexual_iRBCs_CHOLINE_Gen1_35to40hpi | AM3: Raw Sexual iRBCs counts_CHOLINE_Gen1_35to40hpi | AN3: Raw Asexual iRBCs counts_CHOLINE_Gen1_35to40hpi | AO3: SCR_CHOLINE_Gen1_25to30hpi | AP3: SCR_CHOLINE_Gen1_35to40hpi | AQ3: Median SCR_HbAA | AR3: FC_SCR_CHOLINE_Gen1_35to40hpi | AS3: iRBCs_NO_CHOLINE_Gen0_35to40hpi | AT3: iRBCs_NO_CHOLINE_Gen1_25to30hpi | AU3: iRBCs_NO_CHOLINE_Gen1_35to40hpi | AV3: Sexual_iRBCs_NoCHOLINE_Gen1_25to30hpi | AW3: Asexual_iRBCs_NO_CHOLINE_Gen1_25to30hpi | AX3: Sexual_iRBCs_NO_CHOLINE_Gen1_35to40hpi | AY3: Asexual_iRBCs_NO_CHOLINE_Gen1_35to40hpi | AZ3: SCR_NO_CHOLINE_Gen1_25to30hpi | BA3: SCR_NO_CHOLINE_Gen1_35to40hpi | BB3: Raw counts_RBC_CHOLINE_Gen0_0to5hpi | BC3: Raw counts_iRBCs_CHOLINE_Gen0_0to5hpi | BD3: Raw counts_iRBCs_CHOLINE_Gen0_35to40hpi | BE3: Raw counts_Late stages_CHOLINE_Gen0_35to40hpi | BF3: Raw counts_iRBCs_CHOLINE_Gen1_25to30hpi | BG3: Raw counts_Asexual iRBCs_CHOLINE_Gen1_25to30hpi | BH3: Raw counts_Sexual iRBCs_CHOLINE_Gen1_25to30hpi | BI3: Raw counts_Late stages_CHOLINE_Gen1_25to30hpi | BJ3: Raw counts_iRBCs_CHOLINE_Gen1_35to40hpi | BK3: Raw counts_Asexual iRBCs_CHOLINE_Gen1_35to40hpi | BL3: Raw counts_Sexual iRBCs_CHOLINE_Gen1_35to40hpi | BM3: Raw counts_Late stages_CHOLINE_Gen1_35to40hpi | BN3: Raw counts_iRBCs_NO CHOLINE_Gen1_25to30hpi | BO3: Raw counts_Asexual iRBCs_NO CHOLINE_Gen1_25to30hpi | BP3: Raw counts_Sexual iRBCs_NO CHOLINE_Gen1_25to30hpi | BQ3: Raw counts_iRBCs_NO CHOLINE_Gen1_35to40hpi | BR3: Raw counts_Asexual iRBCs_NO CHOLINE_Gen1_35to40hpi | BS3: Raw counts_Sexual iRBCs_NO CHOLINE_Gen1_35to40hpi | BT3: Raw counts_Retics_Reticulocytes | BU3: Raw counts_Retics_total RBCs | BV3: LM_total_iRBCs_counts_CHOLINE_Gen0_35to40hpi | BW3: LM_total_iRBCs_counts_CHOLINE_Gen1_25to30hpi | BX3: LM_total_iRBCs_counts_CHOLINE_Gen1_35to40hpi | BY3: TinyRings_Proportion_CHOLINE_Gen0_35to40hpi | BZ3: TinyRings_Proportion_CHOLINE_Gen1_25to30hpi | CA3: TinyRings_Proportion_CHOLINE_Gen1_35to40hpi | CB3: SmallRings_Proportion_CHOLINE_Gen0_35to40hpi | CC3: SmallRings_Proportion_CHOLINE_Gen1_25to30hpi | CD3: SmallRings_Proportion_CHOLINE_Gen1_35to40hpi | CE3: LargeRings_Proportion_CHOLINE_Gen0_35to40hpi | CF3: LargeRings_Proportion_CHOLINE_Gen1_25to30hpi | CG3: LargeRings_Proportion_CHOLINE_Gen1_35to40hpi | CH3: EarlyTrophs_Proportion_CHOLINE_Gen0_35to40hpi | CI3: EarlyTrophs_Proportion_CHOLINE_Gen1_25to30hpi | CJ3: EarlyTrophs_Proportion_CHOLINE_Gen1_35to40hpi | CK3: MidTrophs_Proportion_CHOLINE_Gen0_35to40hpi | CL3: MidTrophs_Proportion_CHOLINE_Gen1_25to30hpi | CM3: MidTrophs_Proportion_CHOLINE_Gen1_35to40hpi | CN3: LateTrophs_Proportion_CHOLINE_Gen0_35to40hpi | CO3: LateTrophs_Proportion_CHOLINE_Gen1_25to30hpi | CP3: LateTrophs_Proportion_CHOLINE_Gen1_35to40hpi | CQ3: EarlySchizonts_Proportion_CHOLINE_Gen0_35to40hpi | CR3: EarlySchizonts_Proportion_CHOLINE_Gen1_25to30hpi | CS3: EarlySchizonts_Proportion_CHOLINE_Gen1_35to40hpi | CT3: LateSchizonts_Proportion_CHOLINE_Gen0_35to40hpi | CU3: LateSchizonts_Proportion_CHOLINE_Gen1_25to30hpi | CV3: LateSchizonts_Proportion_CHOLINE_Gen1_35to40hpi
A4: 1 | B4: AA CTRL | C4: CTRL FRESH | D4: 1 | E4: 45607 | F4: 0 | G4: 0 | H4: 0.46 | I4: 1 | J4: 2 | K4: 0 | L4: 100000 | M4: 3.5 | N4: =(L4)/(M4) -> 28571.429 | O4: 100000 | P4: 2.9 | Q4: =(O4)/(P4) -> 34482.759 | R4: 100000 | S4: 3.1 | T4: =(R4)/(S4) -> 32258.065 | U4: 3.1111111 | V4: 55581.63 | W4: 31406.7 | X4: 0.81 | Y4: 0.43 | Z4: 1.41 | AA4: 60 | AB4: 10.046729 | AC4: 33.571429 | AD4: 0.82758621 | AE4: 1.35 | AF4: 4.28 | AG4: 4.2 | AH4: =(AG4/100)*100000 -> 4200 | AI4: 7.59 | AJ4: 92.3 | AK4: 8.78 | AL4: 90.85 | AM4: =(AK4/100)*(AH4) -> 368.76 | AN4: =(AL4/100)*(AH4) -> 3815.7 | AO4: 7.5983582 | AP4: 8.8126066 | AQ4: =MEDIAN(AP9,AP18:AP20,AP28) -> 10.782644 | AS4: 1.35 | AT4: 3.55 | AU4: 3.36 | AV4: 22.27 | AW4: 77.57 | AX4: 26.69 | AY4: 72.94 | AZ4: 22.305689 | BA4: 26.78912 | BB4: 1450 | BC4: 12 | BD4: 1202 | BE4: 717 | BF4: 3819 | BG4: 3525 | BH4: 290 | BI4: 380 | BJ4: 3782 | BK4: 3436 | BL4: 332 | BM4: 1270 | BN4: 3179 | BO4: 2466 | BP4: 708 | BQ4: 3001 | BR4: 2189 | BS4: 801 | BT4: 8 | BU4: 1753 | BV4: 127 | BW4: 100 | BX4: 103 | BZ4: 13 | CA4: 3.8834951 | CF4: 31 | CJ4: 1.9417476 | CL4: 51 | CM4: 14.563107 | CN4: 12.598425 | CO4: 2 | CP4: 19.417476 | CQ4: 28.346457 | CR4: 2 | CS4: 46.601942 | CT4: 59.055118 | CU4: 1 | CV4: 13.592233
A5: 2 | B5: AS | C5: TEST | D5: 1 | E5: 45607 | F5: 2 | G5: 0 | H5: 1.78 | I5: 1 | J5: 0 | K5: 1 | L5: 100000 | M5: 7 | N5: =(L5)/(M5) -> 14285.714 | O5: 100000 | P5: 6.5 | Q5: =(O5)/(P5) -> 15384.615 | R5: 100000 | S5: 5.9 | T5: =(R5)/(S5) -> 16949.153 | U5: 2.454918 | V5: 32636.05 | W5: 12951.06 | X5: 0.98 | Y5: 0.33 | Z5: 0.87 | AA5: 40.163934 | AB5: 5.221519 | AC5: 14.524207 | AD5: 2 | AE5: 2.44 | AF5: 6.32 | AG5: 5.99 | AH5: =(AG5/100)*100000 -> 5990 | AI5: 25 | AJ5: 74.79 | AK5: 26.22 | AL5: 73.6 | AM5: =(AK5/100)*(AH5) -> 1570.578 | AN5: =(AL5/100)*(AH5) -> 4408.64 | AO5: 25.05261 | AP5: 26.267281 | AR5: =AP5/$AQ$4 -> 2.4360706 | AS5: 2.44 | AT5: 4.41 | AU5: 3.89 | AV5: 33.72 | AW5: 66.11 | AX5: 38.37 | AY5: 61.52 | AZ5: 33.777422 | BA5: 38.412253 | BB5: 950 | BC5: 8 | BD5: 2229 | BE5: 891 | BF5: 5760 | BG5: 4308 | BH5: 1440 | BI5: 301 | BJ5: 5473 | BK5: 4028 | BL5: 1435 | BM5: 795 | BN5: 3998 | BO5: 2643 | BP5: 1348 | BQ5: 3550 | BR5: 2184 | BS5: 1362 | BT5: 19 | BU5: 1065 | BV5: 111 | BW5: 107 | BX5: 125 | BY5: 6.3063063 | BZ5: 13.084112 | CA5: 12.8 | CE5: 9.9099099 | CF5: 56.074766 | CG5: 7.2 | CH5: 13.513514 | CI5: 3.7383178 | CJ5: 15.2 | CK5: 0.9009009 | CL5: 22.429907 | CM5: 33.6 | CN5: 24.324324 | CO5: 4.6728972 | CP5: 12.8 | CQ5: 21.621622 | CS5: 16.8 | CT5: 23.423423 | CV5: 1.6
A6: 3 | B6: AS | C6: TEST | D6: 1 | E6: 45607 | F6: 2 | G6: 2 | H6: 1.65 | I6: 1 | J6: 0 | K6: 0 | L6: 100000 | M6: 5.1 | N6: =(L6)/(M6) -> 19607.843 | O6: 100000 | P6: 5.6 | Q6: =(O6)/(P6) -> 17857.143 | R6: 100000 | S6: 5.3 | T6: =(R6)/(S6) -> 18867.925 | U6: 2.6047619 | V6: 32628.93 | W6: 13404.66 | X6: 0.69 | Y6: 0.34 | Z6: 0.87 | AA6: 32.857143 | AB6: 5.9130435 | AC6: 15.904936 | AD6: 2 | AE6: 2.1 | AF6: 5.75 | AG6: 5.47 | AH6: =(AG6/100)*100000 -> 5470 | AI6: 17.17 | AJ6: 82.67 | AK6: 18.24 | AL6: 81.66 | AM6: =(AK6/100)*(AH6) -> 997.728 | AN6: =(AL6/100)*(AH6) -> 4466.802 | AO6: 17.197516 | AP6: 18.258258 | AR6: =AP6/$AQ$4 -> 1.6933007 | AS6: 2.1 | AT6: 4.03 | AU6: 3.9 | AV6: 31.19 | AW6: 68.72 | AX6: 31.89 | AY6: 67.91 | AZ6: 31.218096 | BA6: 31.953908 | BB6: 992.5 | BC6: 12 | BD6: 1865 | BE6: 613 | BF6: 5160 | BG6: 4266 | BH6: 886 | BI6: 302 | BJ6: 4956 | BK6: 4047 | BL6: 904 | BM6: 786 | BN6: 3600 | BO6: 2474 | BP6: 1123 | BQ6: 3512 | BR6: 2385 | BS6: 1120 | BT6: 13 | BU6: 788 | BV6: 104 | BW6: 104 | BX6: 100 | BY6: 15.384615 | BZ6: 9.6153846 | CA6: 20 | CF6: 43.269231 | CG6: 6 | CH6: 8.6538462 | CI6: 3.8461538 | CJ6: 17 | CL6: 43.269231 | CM6: 25 | CN6: 30.769231 | CP6: 7 | CQ6: 22.115385 | CS6: 20 | CT6: 23.076923 | CV6: 5
A7: 4 | B7: AC | C7: TEST | D7: 1 | E7: 45607 | F7: 1 | G7: 2 | H7: 1.35 | I7: 1 | J7: 0 | K7: 0 | L7: 100000 | M7: 7.6 | N7: =(L7)/(M7) -> 13157.895 | O7: 100000 | P7: 6.1 | Q7: =(O7)/(P7) -> 16393.443 | R7: 100000 | S7: 5.6 | T7: =(R7)/(S7) -> 17857.143 | U7: 1.8290155 | V7: 49786.25 | W7: 25577.33 | X7: 1.19 | Y7: 0.55 | Z7: 1 | AA7: 61.658031 | AB7: 12.443439 | AC7: 28.328612 | AD7: 1.209068 | AE7: 1.93 | AF7: 4.42 | AG7: 3.53 | AH7: =(AG7/100)*100000 -> 3530 | AI7: 8.5 | AJ7: 91.39 | AK7: 11.29 | AL7: 88.52 | AM7: =(AK7/100)*(AH7) -> 398.537 | AN7: =(AL7/100)*(AH7) -> 3124.756 | AO7: 8.5093603 | AP7: 11.311492 | AR7: =AP7/$AQ$4 -> 1.0490463 | AS7: 1.93 | AT7: 2.59 | AU7: 2.4 | AV7: 22.9 | AW7: 76.72 | AX7: 25.8 | AY7: 74.02 | AZ7: 22.987352 | BA7: 25.846524 | BB7: 887.5 | BC7: 20 | BD7: 1725 | BE7: 1065 | BF7: 3904 | BG7: 3568 | BH7: 332 | BI7: 482 | BJ7: 3198 | BK7: 2831 | BL7: 361 | BM7: 908 | BN7: 2328 | BO7: 1786 | BP7: 533 | BQ7: 2163 | BR7: 1601 | BS7: 558 | BT7: 13 | BU7: 965 | BV7: 105 | BW7: 104 | BX7: 111 | BY7: 3.8095238 | BZ7: 16.346154 | CA7: 9.009009 | CE7: 2.8571429 | CF7: 24.038462 | CG7: 0.9009009 | CH7: 0.95238095 | CL7: 55.769231 | CM7: 21.621622 | CN7: 14.285714 | CO7: 2.8846154 | CP7: 10.810811 | CQ7: 40 | CR7: 0.96153846 | CS7: 36.936937 | CT7: 38.095238 | CV7: 20.720721
A8: 5 | B8: AA CTRL | C8: CTRL FRESH | D8: 2 | E8: 45621 | F8: 0 | G8: 0 | H8: 0.35 | I8: 1 | J8: 2 | K8: 0 | L8: 100000 | M8: 6.8 | N8: =(L8)/(M8) -> 14705.882 | O8: 100000 | P8: 6.6 | Q8: =(O8)/(P8) -> 15151.515 | R8: 100000 | S8: 3.7 | T8: =(R8)/(S8) -> 27027.027 | U8: 4.6956522 | V8: 26603.88 | W8: 20262.73 | X8: 0.43 | Y8: 0.19 | Z8: 1.19 | AA8: 46.73913 | AB8: 7.6923077 | AC8: 25.265393 | AD8: 0.2 | AE8: 0.92 | AF8: 2.47 | AG8: 4.71 | AH8: =(AG8/100)*100000 -> 4710 | AI8: 10.46 | AJ8: 89.33 | AK8: 7.26 | AL8: 92.62 | AM8: =(AK8/100)*(AH8) -> 341.946 | AN8: =(AL8/100)*(AH8) -> 4362.402 | AO8: 10.482012 | AP8: 7.2687225 | AS8: 0.92 | AT8: 1.87 | AU8: 2.85 | AV8: 31.37 | AW8: 68.51 | AX8: 33.07 | AY8: 66.67 | AZ8: 31.407689 | BA8: 33.156206 | BB8: 92700 | BC8: 184 | BD8: 864 | BE8: 401 | BF8: 2324 | BG8: 2076 | BH8: 243 | BI8: 175 | BJ8: 4352 | BK8: 316 | BL8: 4031 | BM8: 1102 | BN8: 1769 | BO8: 1212 | BP8: 555 | BQ8: 2658 | BR8: 1772 | BS8: 879 | BT8: 4 | BU8: 1158
A9: 6 | B9: AA | C9: TEST | D9: 2 | E9: 45621 | F9: 0 | G9: 4 | H9: 1 | I9: 1 | J9: 0 | K9: 0 | L9: 100000 | M9: 10.1 | N9: =(L9)/(M9) -> 9900.9901 | O9: 100000 | P9: 9.7 | Q9: =(O9)/(P9) -> 10309.278 | R9: 100000 | S9: 5.4 | T9: =(R9)/(S9) -> 18518.519 | U9: 3.7977528 | V9: 29522.28 | W9: 27215.86 | X9: 0.47 | Y9: 0.19 | Z9: 1.33 | AA9: 52.808989 | AB9: 6.7857143 | AC9: 34.102564 | AD9: 0.16 | AE9: 0.89 | AF9: 2.8 | AG9: 3.9 | AH9: =(AG9/100)*100000 -> 3900 | AI9: 9.44 | AJ9: 90.56 | AK9: 10.9 | AL9: 88.81 | AM9: =(AK9/100)*(AH9) -> 425.1 | AN9: =(AL9/100)*(AH9) -> 3463.59 | AO9: 9.44 | AP9: 10.931702 | AS9: 0.89 | AT9: 1.88 | AU9: 3.24 | AV9: 23.49 | AW9: 76.33 | AX9: 29.02 | AY9: 70.8 | AZ9: 23.532358 | BA9: 29.07233 | BB9: 93494 | BC9: 144 | BD9: 797 | BE9: 425 | BF9: 2499 | BG9: 2263 | BH9: 236 | BI9: 167 | BJ9: 3413 | BK9: 372 | BL9: 3031 | BM9: 1164 | BN9: 1694 | BO9: 1293 | BP9: 398 | BQ9: 2860 | BR9: 2025 | BS9: 830 | BT9: 11 | BU9: 1098
A10: 7 | B10: AC | C10: TEST | D10: 2 | E10: 45621 | F10: 1 | G10: 4 | H10: 2.48 | I10: 1 | J10: 0 | K10: 1 | L10: 100000 | M10: 6.6 | N10: =(L10)/(M10) -> 15151.515 | O10: 100000 | P10: 6.9 | Q10: =(O10)/(P10) -> 14492.754 | R10: 100000 | S10: 4.4 | T10: =(R10)/(S10) -> 22727.273 | U10: 4.5571429 | V10: 27641.06 | W10: 22698.26 | X10: 0.36 | Y10: 0.1 | Z10: 1.13 | AA10: 51.428571 | AB10: 4.2918455 | AC10: 31.830986 | AD10: 0.13 | AE10: 0.7 | AF10: 2.33 | AG10: 3.55 | AH10: =(AG10/100)*100000 -> 3550 | AI10: 9.4 | AJ10: 90.51 | AK10: 10.38 | AL10: 89.22 | AM10: =(AK10/100)*(AH10) -> 368.49 | AN10: =(AL10/100)*(AH10) -> 3167.31 | AO10: 9.4084676 | AP10: 10.421687 | AR10: =AP10/$AQ$4 -> 0.96652428 | AS10: 0.7 | AT10: 1.8 | AU10: 2.75 | AV10: 28.52 | AW10: 71.36 | AX10: 2.75 | AY10: 33.05 | AZ10: 66.79 | BA10: 33.102965 | BB10: 95898 | BC10: 125 | BD10: 649 | BE10: 339 | BF10: 2149 | BG10: 1945 | BH10: 202 | BI10: 90 | BJ10: 3199 | BK10: 332 | BL10: 2854 | BM10: 1020 | BN10: 1669 | BO10: 1191 | BP10: 476 | BQ10: 2502 | BR10: 1671 | BS10: 827 | BT10: 17 | BU10: 685
A11: 8 | B11: AC | C11: TEST | D11: 2 | E11: 45621 | F11: 1 | G11: 0 | H11: 0.62 | I11: 0 | J11: 0 | K11: 0 | O11: 100000 | P11: 59.5 | Q11: =(O11)/(P11) -> 1680.6723 | R11: 100000 | S11: 30.9 | T11: =(R11)/(S11) -> 3236.246 | W11: 9354.72 | X11: 1.45 | Y11: 0.08 | Z11: 0.28 | AA11: 60.669456 | AB11: 3.7914692 | AC11: 8.7227414 | AD11: 0.44 | AE11: 2.39 | AF11: 2.11 | AG11: 3.21 | AH11: =(AG11/100)*100000 -> 3210 | AI11: 16.95 | AJ11: 82.86 | AK11: 15.91 | AL11: 83.42 | AM11: =(AK11/100)*(AH11) -> 510.711 | AN11: =(AL11/100)*(AH11) -> 2677.782 | AO11: 16.982266 | AP11: 16.017316 | AR11: =AP11/$AQ$4 -> 1.4854721 | AS11: 2.39 | AT11: 1.43 | AU11: 2.65 | AV11: 15.53 | AW11: 83.93 | AX11: 2.65 | AY11: 25.12 | AZ11: 74.21 | BA11: 25.289439 | BB11: 96224 | BC11: 402 | BF11: 1634 | BG11: 1354 | BH11: 277 | BI11: 62 | BJ11: 2364 | BK11: 376 | BL11: 1972 | BM11: 203 | BN11: 1095 | BO11: 919 | BP11: 170 | BQ11: 1931 | BR11: 1433 | BS11: 485 | BT11: 5 | BU11: 808
A12: 9 | B12: AS | C12: TEST | D12: 2 | E12: 45621 | F12: 2 | G12: 4 | H12: 2.8 | I12: 1 | J12: 0 | K12: 0 | L12: 100000 | M12: 5.6 | N12: =(L12)/(M12) -> 17857.143 | O12: 100000 | P12: 5.5 | Q12: =(O12)/(P12) -> 18181.818 | R12: 100000 | S12: 3.4 | T12: =(R12)/(S12) -> 29411.765 | U12: 4.4533333 | V12: 13213.77 | W12: 8511.18 | X12: 0.14 | Y12: 0.03 | Z12: 0.2 | AA12: 18.666667 | AB12: 1.7045455 | AC12: 5.1413882 | AD12: 0.15 | AE12: 0.75 | AF12: 1.76 | AG12: 3.89 | AH12: =(AG12/100)*100000 -> 3890 | AI12: 12.44 | AJ12: 87.37 | AK12: 14.81 | AL12: 85.13 | AM12: =(AK12/100)*(AH12) -> 576.109 | AN12: =(AL12/100)*(AH12) -> 3311.557 | AO12: 12.463681 | AP12: 14.818891 | AR12: =AP12/$AQ$4 -> 1.3743282 | AS12: 0.75 | AT12: 1.45 | AU12: 2.93 | AV12: 27.03 | AW12: 72.9 | AX12: 2.93 | AY12: 31.44 | AZ12: 68.36 | BA12: 31.503006 | BB12: 92548 | BC12: 140 | BD12: 674 | BE12: 127 | BF12: 1568 | BG12: 1370 | BH12: 195 | BI12: 29 | BJ12: 3390 | BK12: 502 | BL12: 2886 | BM12: 170 | BN12: 1295 | BO12: 944 | BP12: 350 | BQ12: 2573 | BR12: 1759 | BS12: 809 | BT12: 21 | BU12: 748
A13: 10 | B13: SC | C13: TEST | D13: 2 | E13: 45621 | F13: 4 | G13: 4 | H13: 5.71 | I13: 0 | J13: 0 | K13: 0 | O13: 100000 | P13: 17.1 | Q13: =(O13)/(P13) -> 5847.9532 | R13: 100000 | S13: 8.1 | T13: =(R13)/(S13) -> 12345.679 | W13: 8370.65 | X13: 0.02 | Y13: 0.03 | Z13: 0.05 | AA13: 1.7699115 | AB13: 4.7619048 | AC13: 4.6728972 | AD13: 0.2 | AE13: 1.13 | AF13: 0.63 | AG13: 1.07 | AH13: =(AG13/100)*100000 -> 1070 | AI13: 8.95 | AJ13: 90.53 | AK13: 9.77 | AL13: 89.71 | AM13: =(AK13/100)*(AH13) -> 104.539 | AN13: =(AL13/100)*(AH13) -> 959.897 | AO13: 8.9967833 | AP13: 9.8210696 | AR13: =AP13/$AQ$4 -> 0.91082206 | AS13: 1.13 | AT13: 0.73 | AU13: 1.06 | AV13: 8.32 | AW13: 91.52 | AX13: 1.06 | AY13: 9.07 | AZ13: 90.4 | BA13: 9.1183271 | BB13: 96324 | BC13: 186 | BF13: 570 | BG13: 516 | BH13: 51 | BI13: 29 | BJ13: 952 | BK13: 93 | BL13: 854 | BM13: 47 | BN13: 637 | BO13: 583 | BP13: 53 | BQ13: 948 | BR13: 857 | BS13: 86 | BT13: 42 | BU13: 735 | BV13: 103 | BW13: 100 | BX13: 102 | CC13: 23 | CD13: 38 | CE13: 64.07767 | CF13: 37 | CG13: 28 | CK13: 23.300971 | CL13: 28 | CM13: 28 | CQ13: 8.7378641 | CR13: 10 | CS13: 4 | CT13: 3.8834951 | CU13: 2 | CV13: 4
A14: 11 | B14: SC | C14: TEST | D14: 2 | E14: 45621 | F14: 4 | G14: 0 | H14: 1.84 | I14: 1 | J14: 1 | K14: 0 | L14: 100000 | M14: 6.7 | N14: =(L14)/(M14) -> 14925.373 | O14: 100000 | P14: 6.4 | Q14: =(O14)/(P14) -> 15625 | R14: 100000 | S14: 4.3 | T14: =(R14)/(S14) -> 23255.814 | U14: 1.7228261 | V14: 11661.35 | W14: 11329.58 | X14: 0.25 | Y14: 0.09 | Z14: 0.53 | AA14: 13.586957 | AB14: 2.7027027 | AC14: 9.2495637 | AD14: 1.3 | AE14: 1.84 | AF14: 3.33 | AG14: 5.73 | AH14: =(AG14/100)*100000 -> 5730 | AI14: 5.36 | AJ14: 94.48 | AK14: 6.15 | AL14: 93.7 | AM14: =(AK14/100)*(AH14) -> 352.395 | AN14: =(AL14/100)*(AH14) -> 5369.01 | AO14: 5.3685897 | AP14: 6.1592389 | AR14: =AP14/$AQ$4 -> 0.57121789 | AS14: 1.84 | AT14: 2.43 | AU14: 4.73 | AV14: 11.97 | AW14: 87.74 | AX14: 4.73 | AY14: 14.67 | AZ14: 84.76 | BA14: 14.754098 | BB14: 60161 | BC14: 705 | BD14: 971 | BE14: 130 | BF14: 1903 | BG14: 1798 | BH14: 102 | BI14: 52 | BJ14: 3318 | BK14: 204 | BL14: 3109 | BM14: 307 | BN14: 1378 | BO14: 1209 | BP14: 165 | BQ14: 2782 | BR14: 2358 | BS14: 408 | BT14: 16 | BU14: 870 | BV14: 106 | BW14: 143 | BX14: 101 | CC14: 18 | CD14: 27 | CE14: 51.886792 | CF14: 24 | CG14: 18 | CK14: 21.698113 | CL14: 84 | CM14: 33 | CQ14: 6.6037736 | CR14: 9 | CS14: 7 | CT14: 19.811321 | CU14: 8 | CV14: 16
A15: 12 | B15: SS | C15: TEST | D15: 2 | E15: 45621 | F15: 3 | G15: 1 | H15: 4.62 | I15: 0 | J15: 1 | K15: 0 | L15: 100000 | M15: 7.5 | N15: =(L15)/(M15) -> 13333.333 | O15: 100000 | P15: 7.2 | Q15: =(O15)/(P15) -> 13888.889 | R15: 100000 | S15: 4.8 | T15: =(R15)/(S15) -> 20833.333 | U15: 3.9152542 | V15: 17682.19 | W15: 17369.13 | X15: 0.17 | Y15: 0.07 | Z15: 0.42 | AA15: 28.813559 | AB15: 5.6 | AC15: 16.40625 | AD15: 0.24 | AE15: 0.59 | AF15: 1.25 | AG15: 2.56 | AH15: =(AG15/100)*100000 -> 2560 | AI15: 8.84 | AJ15: 91.07 | AK15: 7.78 | AL15: 92.09 | AM15: =(AK15/100)*(AH15) -> 199.168 | AN15: =(AL15/100)*(AH15) -> 2357.504 | AO15: 8.8479632 | AP15: 7.7901272 | AR15: =AP15/$AQ$4 -> 0.72246914 | AS15: 0.59 | AT15: 1.15 | AU15: 2.2 | AV15: 16.65 | AW15: 83.16 | AX15: 2.2 | AY15: 20.38 | AZ15: 79.32 | BA15: 20.441324 | BB15: 95235 | BC15: 232 | BD15: 521 | BE15: 155 | BF15: 1165 | BG15: 1061 | BH15: 103 | BI15: 64 | BJ15: 2338 | BK15: 182 | BL15: 2153 | BM15: 384 | BN15: 1063 | BO15: 884 | BP15: 177 | BQ15: 1963 | BR15: 1557 | BS15: 400 | BT15: 43 | BU15: 930 | BV15: 123 | BW15: 101 | BX15: 109 | CC15: 3 | CD15: 18 | CE15: 32.520325 | CF15: 8 | CG15: 9 | CK15: 28.455285 | CL15: 51 | CM15: 44 | CQ15: 12.195122 | CR15: 26 | CS15: 15 | CT15: 26.829268 | CU15: 13 | CV15: 24
A16: 13 | B16: SS | C16: TEST | D16: 2 | E16: 45621 | F16: 3 | G16: 0 | H16: 1.44 | I16: 0 | J16: 1 | K16: 0 | L16: 100000 | M16: 7.4 | N16: =(L16)/(M16) -> 13513.514 | O16: 100000 | P16: 8.2 | Q16: =(O16)/(P16) -> 12195.122 | R16: 100000 | S16: 6 | T16: =(R16)/(S16) -> 16666.667 | U16: 3.9852941 | V16: 15119.22 | W16: 16178.82 | X16: 0.14 | Y16: 0.07 | Z16: 0.47 | AA16: 20.588235 | AB16: 4.7619048 | AC16: 15.25974 | AD16: 0.18 | AE16: 0.68 | AF16: 1.47 | AG16: 3.08 | AH16: =(AG16/100)*100000 -> 3080 | AI16: 7.58 | AJ16: 92.05 | AK16: 7.14 | AL16: 92.53 | AM16: =(AK16/100)*(AH16) -> 219.912 | AN16: =(AL16/100)*(AH16) -> 2849.924 | AO16: 7.6081502 | AP16: 7.16364 | AR16: =AP16/$AQ$4 -> 0.66436769 | AS16: 0.68 | AT16: 1.32 | AU16: 2.66 | AV16: 20.8 | AW16: 79.11 | AX16: 2.66 | AY16: 16.2 | AZ16: 83.71 | BA16: 16.214593 | BB16: 91005 | BC16: 160 | BD16: 636 | BE16: 135 | BF16: 1320 | BG16: 1215 | BH16: 100 | BI16: 63 | BJ16: 2744 | BK16: 196 | BL16: 2539 | BM16: 420 | BN16: 1173 | BO16: 928 | BP16: 244 | BQ16: 2302 | BR16: 1927 | BS16: 373 | BT16: 17 | BU16: 1178 | BV16: 110 | BW16: 100 | BX16: 103 | CC16: 5 | CD16: 17 | CE16: 30 | CF16: 8 | CG16: 14 | CK16: 20 | CL16: 60 | CM16: 50 | CQ16: 16.363636 | CR16: 22 | CS16: 9 | CT16: 33.636364 | CU16: 5 | CV16: 13
A17: 14 | B17: AA CTRL | C17: CTRL FRESH | D17: 3 | E17: 45635 | F17: 0 | G17: 0 | H17: 0.37 | I17: 1 | J17: 2 | K17: 0 | L17: 100000 | M17: 2.5 | N17: =(L17)/(M17) -> 40000 | O17: 100000 | P17: 2.3 | Q17: =(O17)/(P17) -> 43478.261 | R17: 100000 | S17: 3.7 | T17: =(R17)/(S17) -> 27027.027 | U17: 6 | V17: 9986.37 | W17: 11830.04 | X17: 0.06 | Y17: 0.05 | Z17: 0.63 | AA17: 11.320755 | AB17: 2.0242915 | AC17: 19.811321 | AD17: 0.32 | AE17: 0.53 | AF17: 2.47 | AG17: 3.18 | AH17: =(AG17/100)*100000 -> 3180 | AI17: 5.21 | AJ17: 94.79 | AK17: 9.01 | AL17: 90.64 | AM17: =(AK17/100)*(AH17) -> 286.518 | AN17: =(AL17/100)*(AH17) -> 2882.352 | AO17: 5.21 | AP17: 9.0416458 | AS17: 0.53 | AT17: 1.69 | AU17: 2.15 | AV17: 24.44 | AW17: 75.37 | AX17: 34.45 | AY17: 65 | AZ17: 24.486524 | BA17: 34.640523 | BB17: 89881 | BC17: 283 | BD17: 476 | BE17: 54 | BF17: 2225 | BG17: 2109 | BH17: 116 | BI17: 47 | BJ17: 2886 | BK17: 2616 | BL17: 260 | BM17: 570 | BN17: 1571 | BO17: 1184 | BP17: 384 | BQ17: 2000 | BR17: 1300 | BS17: 689 | BT17: 5 | BU17: 1338
A18: 15 | B18: AA | C18: TEST | D18: 3 | E18: 45635 | F18: 0 | G18: 4 | H18: 1.47 | I18: 1 | J18: 0 | K18: 0 | L18: 100000 | M18: 3.7 | N18: =(L18)/(M18) -> 27027.027 | O18: 100000 | P18: 2.5 | Q18: =(O18)/(P18) -> 40000 | R18: 100000 | S18: 4.6 | T18: =(R18)/(S18) -> 21739.13 | U18: 5.630137 | V18: 8885.82 | W18: 12132.97 | X18: 0.06 | Y18: 0 | Z18: 0.86 | AA18: 8.2191781 | AB18: 0 | AC18: 20.924574 | AD18: 0.39 | AE18: 0.73 | AF18: 3.37 | AG18: 4.11 | AH18: =(AG18/100)*100000 -> 4110 | AI18: 7.58 | AJ18: 92.38 | AK18: 14.13 | AL18: 85.46 | AM18: =(AK18/100)*(AH18) -> 580.743 | AN18: =(AL18/100)*(AH18) -> 3512.406 | AO18: 7.5830332 | AP18: 14.188172 | AS18: 0.73 | AT18: 2.57 | AU18: 3.64 | AV18: 28.74 | AW18: 70.73 | AX18: 37.1 | AY18: 62.66 | AZ18: 28.893134 | BA18: 37.189254 | BB18: 89653 | BC18: 345 | BD18: 645 | BE18: 49 | BF18: 2941 | BG18: 2717 | BH18: 223 | BI18: 0 | BJ18: 3644 | BK18: 3114 | BL18: 515 | BM18: 761 | BN18: 2279 | BO18: 1612 | BP18: 655 | BQ18: 3251 | BR18: 2037 | BS18: 1206 | BT18: 13 | BU18: 885
A19: 16 | B19: AA | C19: TEST | D19: 3 | E19: 45635 | F19: 0 | G19: 3 | H19: 1.52 | I19: 0 | J19: 0 | K19: 0 | L19: 100000 | M19: 10.8 | N19: =(L19)/(M19) -> 9259.2593 | O19: 100000 | P19: 9.3 | Q19: =(O19)/(P19) -> 10752.688 | R19: 100000 | S19: 13.5 | T19: =(R19)/(S19) -> 7407.4074 | U19: 3.3455497 | V19: 12335.99 | W19: 17197.04 | X19: 0.42 | Y19: 0.1 | Z19: 2.28 | AA19: 21.989529 | AB19: 1.6806723 | AC19: 35.680751 | AD19: 0.94 | AE19: 1.91 | AF19: 5.95 | AG19: 6.39 | AH19: =(AG19/100)*100000 -> 6390 | AI19: 6.5 | AJ19: 93.37 | AK19: 10.76 | AL19: 89.03 | AM19: =(AK19/100)*(AH19) -> 687.564 | AN19: =(AL19/100)*(AH19) -> 5689.017 | AO19: 6.508461 | AP19: 10.782644 | AS19: 1.91 | AT19: 4.34 | AU19: 7.02 | AV19: 30.04 | AW19: 69.86 | AX19: 35.48 | AY19: 64.44 | AZ19: 30.07007 | BA19: 35.508407 | BB19: 92140 | BC19: 861 | BD19: 1778 | BE19: 392 | BF19: 5552 | BG19: 5184 | BH19: 361 | BI19: 91 | BJ19: 5987 | BK19: 5330 | BL19: 644 | BM19: 2137 | BN19: 4081 | BO19: 2851 | BP19: 1226 | BQ19: 6434 | BR19: 4146 | BS19: 2283 | BT19: 8 | BU19: 528
A20: 17 | B20: AA | C20: TEST | D20: 3 | E20: 45635 | F20: 0 | G20: 3 | H20: 1.42 | I20: 1 | J20: 0 | K20: 1 | O20: 100000 | P20: 10 | Q20: =(O20)/(P20) -> 10000 | R20: 100000 | S20: 11.1 | T20: =(R20)/(S20) -> 9009.009 | W20: 12071.72 | X20: 0.56 | Y20: 0.03 | Z20: 0.47 | AA20: 45.16129 | AB20: 1.6574586 | AC20: 18.7251 | AD20: 0.45 | AE20: 1.24 | AF20: 1.81 | AG20: 2.51 | AH20: =(AG20/100)*100000 -> 2510 | AI20: 6.91 | AJ20: 93.03 | AK20: 9.32 | AL20: 90.47 | AM20: =(AK20/100)*(AH20) -> 233.932 | AN20: =(AL20/100)*(AH20) -> 2270.797 | AO20: 6.9141485 | AP20: 9.3396132 | AS20: 1.24 | AT20: 2.57 | AU20: 3.05 | AV20: 24.01 | AW20: 75.86 | AX20: 36.24 | AY20: 63.55 | AZ20: 24.041254 | BA20: 36.316264 | BB20: 93941 | BC20: 422 | BF20: 1707 | BG20: 1588 | BH20: 118 | BI20: 28 | BJ20: 2339 | BK20: 2116 | BL20: 218 | BM20: 436 | BN20: 2403 | BO20: 1823 | BP20: 577 | BQ20: 2845 | BR20: 1808 | BS20: 1031 | BT20: 13 | BU20: 918
A21: 18 | B21: AC | C21: TEST | D21: 3 | E21: 45635 | F21: 1 | G21: 0 | H21: 0.57 | I21: 0 | J21: 0 | K21: 0 | L21: 100000 | M21: 7.3 | N21: =(L21)/(M21) -> 13698.63 | O21: 100000 | P21: 3.1 | Q21: =(O21)/(P21) -> 32258.065 | R21: 100000 | S21: 4 | T21: =(R21)/(S21) -> 25000 | U21: 3.3628319 | V21: 9904.87 | W21: 10180.22 | X21: 0.08 | Y21: 0.09 | Z21: 0.53 | AA21: 7.079646 | AB21: 2.4523161 | AC21: 13.947368 | AD21: 0.17 | AE21: 1.13 | AF21: 3.67 | AG21: 3.8 | AH21: =(AG21/100)*100000 -> 3800 | AI21: 6.5 | AJ21: 93.41 | AK21: 13.3 | AL21: 86.53 | AM21: =(AK21/100)*(AH21) -> 505.4 | AN21: =(AL21/100)*(AH21) -> 3288.14 | AO21: 6.5058553 | AP21: 13.322649 | AR21: =AP21/$AQ$4 -> 1.2355642 | AS21: 1.13 | AT21: 1.9 | AU21: 2.92 | AV21: 30.7 | AW21: 69.01 | AX21: 36.73 | AY21: 63.16 | AZ21: 30.789289 | BA21: 36.770447 | BB21: 92439 | BC21: 152 | BD21: 827 | BE21: 59 | BF21: 3263 | BG21: 3048 | BH21: 212 | BI21: 78 | BJ21: 3414 | BK21: 2954 | BL21: 454 | BM21: 476 | BN21: 1736 | BO21: 1198 | BP21: 533 | BQ21: 2592 | BR21: 1637 | BS21: 952 | BT21: 8 | BU21: 1413
A22: 19 | B22: AS | C22: TEST | D22: 3 | E22: 45635 | F22: 2 | G22: 0 | H22: 0.6 | I22: 1 | J22: 0 | K22: 1 | O22: 100000 | P22: 9 | Q22: =(O22)/(P22) -> 11111.111 | R22: 100000 | S22: 9.8 | T22: =(R22)/(S22) -> 10204.082 | U22: 3.9756098 | V22: 7332.6 | W22: 6919.84 | X22: 0.11 | Y22: 0.04 | Z22: 0.16 | AA22: 8.9430894 | AB22: 1.4336918 | AC22: 3.2719836 | AD22: 0.42 | AE22: 1.23 | AF22: 2.79 | AG22: 4.89 | AH22: =(AG22/100)*100000 -> 4890 | AI22: 12.73 | AJ22: 87.15 | AK22: 14.01 | AL22: 85.9 | AM22: =(AK22/100)*(AH22) -> 685.089 | AN22: =(AL22/100)*(AH22) -> 4200.51 | AO22: 12.745294 | AP22: 14.02262 | AR22: =AP22/$AQ$4 -> 1.3004807 | AS22: 1.23 | AT22: 2.62 | AU22: 4.88 | AV22: 26.46 | AW22: 73.41 | AX22: 30.46 | AY22: 69.43 | AZ22: 26.494443 | BA22: 30.493543 | BB22: 89732 | BC22: 369 | BD22: 1112 | BE22: 97 | BF22: 2530 | BG22: 2205 | BH22: 322 | BI22: 32 | BJ22: 4468 | BK22: 3838 | BL22: 626 | BM22: 149 | BN22: 2343 | BO22: 1720 | BP22: 620 | BQ22: 4288 | BR22: 2977 | BS22: 1306 | BT22: 11 | BU22: 1843
A23: 20 | B23: SS | C23: TEST | D23: 3 | E23: 45635 | F23: 3 | G23: 3 | H23: 5.61 | I23: 1 | J23: 1 | K23: 0 | L23: 100000 | M23: 4.4 | N23: =(L23)/(M23) -> 22727.273 | O23: 100000 | P23: 4.6 | Q23: =(O23)/(P23) -> 21739.13 | R23: 100000 | S23: 4.1 | T23: =(R23)/(S23) -> 24390.244 | U23: 4.3636364 | V23: 7817.38 | W23: 9694.16 | X23: 0.05 | Y23: 0.04 | Z23: 0.33 | AA23: 7.5757576 | AB23: 1.8691589 | AC23: 11.458333 | AD23: 0.29 | AE23: 0.66 | AF23: 2.14 | AG23: 2.88 | AH23: =(AG23/100)*100000 -> 2880 | AI23: 4.33 | AJ23: 95.51 | AK23: 5.02 | AL23: 94.83 | AM23: =(AK23/100)*(AH23) -> 144.576 | AN23: =(AL23/100)*(AH23) -> 2731.104 | AO23: 4.3369391 | AP23: 5.0275413 | AR23: =AP23/$AQ$4 -> 0.4662624 | AS23: 0.66 | AT23: 1.46 | AU23: 1.95 | AV23: 18.05 | AW23: 81.72 | AX23: 19.88 | AY23: 79.73 | AZ23: 18.091611 | BA23: 19.957836 | BB23: 86967 | BC23: 244 | BD23: 577 | BE23: 43 | BF23: 1894 | BG23: 1809 | BH23: 82 | BI23: 34 | BJ23: 2532 | BK23: 2401 | BL23: 127 | BM23: 290 | BN23: 1313 | BO23: 1073 | BP23: 237 | BQ23: 1776 | BR23: 1416 | BS23: 353 | BT23: 82 | BU23: 1463
A24: 21 | B24: SS | C24: TEST | D24: 3 | E24: 45635 | F24: 3 | G24: 0 | H24: 4.48 | I24: 0 | J24: 1 | K24: 0 | L24: 100000 | M24: 4.2 | N24: =(L24)/(M24) -> 23809.524 | O24: 100000 | P24: 4.4 | Q24: =(O24)/(P24) -> 22727.273 | R24: 100000 | S24: 3.9 | T24: =(R24)/(S24) -> 25641.026 | U24: 5.2295082 | V24: 8202.84 | W24: 8616.26 | X24: 0.06 | Y24: 0.04 | Z24: 0.34 | AA24: 9.8360656 | AB24: 1.8099548 | AC24: 10.658307 | AD24: 0.21 | AE24: 0.61 | AF24: 2.21 | AG24: 3.19 | AH24: =(AG24/100)*100000 -> 3190 | AI24: 6.51 | AJ24: 93.09 | AK24: 6.67 | AL24: 93.01 | AM24: =(AK24/100)*(AH24) -> 212.773 | AN24: =(AL24/100)*(AH24) -> 2967.019 | AO24: 6.5361446 | AP24: 6.6914125 | AR24: =AP24/$AQ$4 -> 0.62057254 | AS24: 0.61 | AT24: 1.53 | AU24: 2.12 | AV24: 15.28 | AW24: 84.58 | AX24: 17.93 | AY24: 81.77 | AZ24: 15.301422 | BA24: 17.983952 | BB24: 91233 | BC24: 186 | BE24: 50 | BF24: 1997 | BG24: 1859 | BH24: 130 | BI24: 33 | BJ24: 2863 | BK24: 2663 | BL24: 191 | BM24: 305 | BN24: 1394 | BO24: 1179 | BP24: 213 | BQ24: 1947 | BR24: 1592 | BS24: 349 | BT24: 62 | BU24: 1383
A25: 22 | B25: AA CTRL | C25: CTRL FRESH | D25: 4 | E25: 45645 | F25: 0 | G25: 0 | H25: 0.21 | I25: 1 | J25: 2 | K25: 0 | L25: 100000 | M25: 3 | N25: =(L25)/(M25) -> 33333.333 | O25: 100000 | P25: 2.8 | Q25: =(O25)/(P25) -> 35714.286 | R25: 100000 | S25: 2.8 | T25: =(R25)/(S25) -> 35714.286 | U25: 4.9279279 | V25: 21865.8 | W25: 10291.49 | X25: 0.5 | Y25: 0.2 | Z25: 0.71 | AA25: 50 | AB25: 5.0890585 | AC25: 12.97989 | AD25: 0.98 | AE25: 1.11 | AF25: 3.93 | AG25: 5.47 | AH25: =(AG25/100)*100000 -> 5470 | AI25: 10.4 | AJ25: 89.43 | AK25: 8.49 | AL25: 91.27 | AM25: =(AK25/100)*(AH25) -> 464.403 | AN25: =(AL25/100)*(AH25) -> 4992.469 | AO25: 10.41771 | AP25: 8.510425 | AS25: 1.11 | AT25: 1.76 | AU25: 2.98 | AV25: 22.55 | AW25: 77.39 | AX25: 34.64 | AY25: 65.16 | AZ25: 22.563538 | BA25: 34.709419 | BB25: 88982 | BC25: 866 | BD25: 91303 | BE25: 455 | BF25: 3586 | BG25: 3207 | BH25: 373 | BI25: 4 | BJ25: 5019 | BK25: 4581 | BL25: 426 | BM25: 21 | BN25: 1650 | BO25: 1277 | BP25: 372 | BQ25: 3014 | BR25: 1964 | BS25: 1044 | BT25: 3 | BU25: 1458
A26: 23 | B26: AA CTRL | C26: CTRL CRYO | D26: 4 | E26: 45645 | F26: 0 | G26: 0 | H26: 0.69 | I26: 1 | J26: 2 | K26: 0 | L26: 100000 | M26: 4.2 | N26: =(L26)/(M26) -> 23809.524 | O26: 100000 | P26: 3.5 | Q26: =(O26)/(P26) -> 28571.429 | R26: 100000 | S26: 2.1 | T26: =(R26)/(S26) -> 47619.048 | U26: 6.1774194 | V26: 19441.64 | W26: 10737.74 | X26: 0.24 | Y26: 0.16 | Z26: 0.55 | AA26: 42.857143 | AB26: 5.5363322 | AC26: 14.360313 | AD26: 0.47 | AE26: 0.62 | AF26: 2.89 | AG26: 3.83 | AH26: =(AG26/100)*100000 -> 3830 | AI26: 7.95 | AJ26: 91.98 | AK26: 7.7 | AL26: 92.1 | AM26: =(AK26/100)*(AH26) -> 294.91 | AN26: =(AL26/100)*(AH26) -> 3527.43 | AO26: 7.9555689 | AP26: 7.7154309 | AS26: 0.62 | AT26: 1.31 | AU26: 1.79 | AV26: 22.73 | AW26: 76.78 | AX26: 30.32 | AY26: 69.07 | AZ26: 22.841925 | BA26: 30.506087 | BB26: 90417 | BC26: 422 | BD26: 92010 | BE26: 222 | BF26: 2617 | BG26: 2407 | BH26: 208 | BI26: 3 | BJ26: 3468 | BK26: 3194 | BL26: 267 | BM26: 24 | BN26: 1236 | BO26: 949 | BP26: 281 | BQ26: 1814 | BR26: 1253 | BS26: 550 | BT26: 11 | BU26: 1588
A27: 24 | B27: AA CTRL | C27: CTRL CRYO | D27: 4 | E27: 45645 | F27: 0 | G27: 0 | H27: 0.19 | I27: 1 | J27: 2 | K27: 0 | L27: 100000 | M27: 3 | N27: =(L27)/(M27) -> 33333.333 | O27: 100000 | P27: 4.1 | Q27: =(O27)/(P27) -> 24390.244 | R27: 100000 | S27: 3.7 | T27: =(R27)/(S27) -> 27027.027 | U27: 6.2653061 | V27: 17811.81 | W27: 10366.4 | X27: 0.18 | Y27: 0.11 | Z27: 0.39 | AA27: 40.909091 | AB27: 5.0691244 | AC27: 12.703583 | AD27: 0.35 | AE27: 0.49 | AF27: 2.17 | AG27: 3.07 | AH27: =(AG27/100)*100000 -> 3070 | AI27: 7.08 | AJ27: 92.72 | AK27: 6.8 | AL27: 92.95 | AM27: =(AK27/100)*(AH27) -> 208.76 | AN27: =(AL27/100)*(AH27) -> 2853.565 | AO27: 7.0941884 | AP27: 6.8170426 | AS27: 0.49 | AT27: 1.39 | AU27: 1.26 | AV27: 15.55 | AW27: 84.15 | AX27: 32.78 | AY27: 66.67 | AZ27: 15.59679 | BA27: 32.961287 | BB27: 92385 | BC27: 325 | BD27: 91803 | BE27: 163 | BF27: 1992 | BG27: 1847 | BH27: 141 | BI27: 2 | BJ27: 2780 | BK27: 2584 | BL27: 189 | BM27: 8 | BN27: 1312 | BO27: 1104 | BP27: 204 | BQ27: 1266 | BR27: 844 | BS27: 415 | BT27: 3 | BU27: 1585
A28: 25 | B28: AA | C28: TEST | D28: 4 | E28: 45645 | F28: 0 | G28: 0 | H28: 1.18 | I28: 1 | J28: 0 | K28: 0 | O28: 100000 | P28: 13.2 | Q28: =(O28)/(P28) -> 7575.7576 | R28: 100000 | S28: 14.9 | T28: =(R28)/(S28) -> 6711.4094 | U28: 1.2959184 | W28: 16369.23 | X28: 0.69 | Y28: 0.09 | Z28: 0.31 | AA28: 70.408163 | AB28: 5.2941176 | AC28: 24.409449 | AD28: 0.84 | AE28: 0.98 | AF28: 1.7 | AG28: 1.27 | AH28: =(AG28/100)*100000 -> 1270 | AI28: 7.88 | AJ28: 92 | AK28: 10.37 | AL28: 88.95 | AM28: =(AK28/100)*(AH28) -> 131.699 | AN28: =(AL28/100)*(AH28) -> 1129.665 | AO28: 7.8894674 | AP28: 10.440999 | AS28: 0.98 | AT28: 2.59 | AU28: 1.2 | AV28: 14.05 | AW28: 85.12 | AX28: 21.85 | AY28: 77.48 | AZ28: 14.167591 | BA28: 21.997382 | BB28: 95781 | BC28: 796 | BF28: 1600 | BG28: 1472 | BH28: 126 | BI28: 6 | BJ28: 1186 | BK28: 1055 | BL28: 123 | BM28: 12 | BN28: 121 | BO28: 103 | BP28: 17 | BQ28: 1208 | BR28: 936 | BS28: 264 | BT28: 21 | BU28: 1780
A29: 26 | B29: AC | C29: TEST | D29: 4 | E29: 45645 | F29: 1 | G29: 2 | H29: 1.21 | I29: 1 | J29: 0 | K29: 1 | O29: 100000 | P29: 25.2 | Q29: =(O29)/(P29) -> 3968.254 | R29: 100000 | S29: 37.3 | T29: =(R29)/(S29) -> 2680.9651 | U29: 1.9759615 | W29: 17836.7 | X29: 1.2 | Y29: 0.19 | Z29: 1.13 | AA29: 57.692308 | AB29: 4.5783133 | AC29: 27.493917 | AD29: 2 | AE29: 2.08 | AF29: 4.15 | AG29: 4.11 | AH29: =(AG29/100)*100000 -> 4110 | AI29: 13.64 | AJ29: 86.28 | AK29: 17.71 | AL29: 81.94 | AM29: =(AK29/100)*(AH29) -> 727.881 | AN29: =(AL29/100)*(AH29) -> 3367.734 | AO29: 13.650921 | AP29: 17.772203 | AR29: =AP29/$AQ$4 -> 1.6482231 | AS29: 2.08 | AT29: 43.3 | AU29: 4.92 | AV29: 30.94 | AW29: 64.75 | AX29: 41.62 | AY29: 58.2 | AZ29: 32.333577 | BA29: 41.695051 | BB29: 94067 | BC29: 3301 | BF29: 3863 | BG29: 3333 | BH29: 527 | BI29: 14 | BJ29: 3738 | BK29: 3063 | BL29: 662 | BM29: 59 | BN29: 139 | BO29: 90 | BP29: 43 | BQ29: 4983 | BR29: 2900 | BS29: 2074 | BT29: 16 | BU29: 1323
A30: 27 | B30: SS | C30: TEST | D30: 4 | E30: 45645 | F30: 3 | G30: 1 | H30: 6.31 | I30: 0 | J30: 1 | K30: 0 | L30: 100000 | M30: 7 | N30: =(L30)/(M30) -> 14285.714 | O30: 100000 | P30: 4.5 | Q30: =(O30)/(P30) -> 22222.222 | R30: 100000 | S30: 4.4 | T30: =(R30)/(S30) -> 22727.273 | U30: 2.3647059 | V30: 7205.75 | W30: 5525.86 | X30: 0.04 | Y30: 0.1 | Z30: 0.04 | AA30: 4.7058824 | AB30: 3.3333333 | AC30: 1.9900498 | AD30: 0.77 | AE30: 0.85 | AF30: 3 | AG30: 2.01 | AH30: =(AG30/100)*100000 -> 2010 | AI30: 27.72 | AJ30: 71.99 | AK30: 6.74 | AL30: 92.98 | AM30: =(AK30/100)*(AH30) -> 135.474 | AN30: =(AL30/100)*(AH30) -> 1868.898 | AO30: 27.800622 | AP30: 6.758925 | AR30: =AP30/$AQ$4 -> 0.62683376 | AS30: 0.85 | AT30: 1.44 | AU30: 1.5 | AV30: 10.37 | AW30: 89.24 | AX30: 15.95 | AY30: 83.46 | AZ30: 10.410601 | BA30: 16.044664 | BB30: 88077 | BC30: 654 | BD30: 91096 | BE30: 38 | BF30: 2810 | BG30: 2023 | BH30: 779 | BI30: 6 | BJ30: 1795 | BK30: 1669 | BL30: 121 | BM30: 3 | BN30: 1292 | BO30: 1153 | BP30: 134 | BQ30: 1505 | BR30: 1256 | BS30: 240 | BT30: 85 | BU30: 1348
A31: 28 | B31: SS | C31: TEST | D31: 4 | E31: 45645 | F31: 3 | G31: 0 | H31: 4.81 | I31: 0 | J31: 1 | K31: 0 | L31: 100000 | M31: 7.6 | N31: =(L31)/(M31) -> 13157.895 | O31: 100000 | P31: 8.4 | Q31: =(O31)/(P31) -> 11904.762 | R31: 100000 | S31: 6.3 | T31: =(R31)/(S31) -> 15873.016 | U31: 1.9054054 | V31: 5752.31 | W31: 5413.15 | X31: 0.02 | Y31: 0.02 | Z31: 0.03 | AA31: 2.7027027 | AB31: 1.6129032 | AC31: 2.1276596 | AD31: 0.87 | AE31: 0.74 | AF31: 1.24 | AG31: 1.41 | AH31: =(AG31/100)*100000 -> 1410 | AI31: 5.99 | AJ31: 93.64 | AK31: 4.9 | AL31: 94.61 | AM31: =(AK31/100)*(AH31) -> 69.09 | AN31: =(AL31/100)*(AH31) -> 1334.001 | AO31: 6.0122453 | AP31: 4.9241282 | AR31: =AP31/$AQ$4 -> 0.45667171 | AS31: 0.74 | AT31: 1.03 | AU31: 1.05 | AV31: 5.62 | AW31: 94.15 | AX31: 7.1 | AY31: 92.05 | AZ31: 5.6329558 | BA31: 7.1608674 | BB31: 85739 | BC31: 714 | BD31: 87704 | BE31: 19 | BF31: 1069 | BG31: 1001 | BH31: 64 | BI31: 3 | BJ31: 1224 | BK31: 1158 | BL31: 60 | BM31: 2 | BN31: 889 | BO31: 837 | BP31: 50 | BQ31: 1057 | BR31: 973 | BS31: 75 | BT31: 81 | BU31: 1685
A32: 29 | B32: SS | C32: TEST | D32: 4 | E32: 45645 | F32: 3 | G32: 0 | H32: 6.72 | I32: 1 | J32: 1 | K32: 0 | L32: 100000 | M32: 7.7 | N32: =(L32)/(M32) -> 12987.013 | O32: 100000 | P32: 10.3 | Q32: =(O32)/(P32) -> 9708.7379 | R32: 100000 | S32: 8.7 | T32: =(R32)/(S32) -> 11494.253 | U32: 1.7230769 | V32: 5922.45 | W32: 5773.56 | X32: 0.01 | Y32: 0.02 | Z32: 0.04 | AA32: 1.5384615 | AB32: 2.1276596 | AC32: 3.5714286 | AD32: 0.82 | AE32: 0.65 | AF32: 0.94 | AG32: 1.12 | AH32: =(AG32/100)*100000 -> 1120 | AI32: 17.59 | AJ32: 81.72 | AK32: 15.36 | AL32: 83.86 | AM32: =(AK32/100)*(AH32) -> 172.032 | AN32: =(AL32/100)*(AH32) -> 939.232 | AO32: 17.712214 | AP32: 15.48075 | AR32: =AP32/$AQ$4 -> 1.4357101 | AS32: 0.65 | AT32: 0.92 | AU32: 0.93 | AV32: 20.52 | AW32: 79.02 | AX32: 19.94 | AY32: 79.31 | AZ32: 20.614828 | BA32: 20.09068 | BB32: 90781 | BC32: 731 | BD32: 94418 | BE32: 7 | BF32: 870 | BG32: 711 | BH32: 153 | BI32: 9 | BJ32: 1035 | BK32: 868 | BL32: 159 | BM32: 10 | BN32: 853 | BO32: 674 | BP32: 175 | BQ32: 933 | BR32: 740 | BS32: 186 | BT32: 115 | BU32: 1713
A33: 30 | B33: SS | C33: TEST | D33: 4 | E33: 45645 | F33: 3 | G33: 0 | H33: 5.6 | I33: 0 | J33: 1 | K33: 1 | L33: 100000 | M33: 10.2 | N33: =(L33)/(M33) -> 9803.9216 | O33: 100000 | P33: 9 | Q33: =(O33)/(P33) -> 11111.111 | R33: 100000 | S33: 9.1 | T33: =(R33)/(S33) -> 10989.011 | U33: 2.2285714 | V33: 5943.54 | W33: 4949.46 | X33: 0.03 | Y33: 0.03 | Z33: 0.03 | AA33: 2.8571429 | AB33: 1.6483516 | AC33: 1.2820513 | AD33: 1.14 | AE33: 1.05 | AF33: 1.82 | AG33: 2.34 | AH33: =(AG33/100)*100000 -> 2340 | AI33: 7.01 | AJ33: 92.5 | AK33: 4.82 | AL33: 94.95 | AM33: =(AK33/100)*(AH33) -> 112.788 | AN33: =(AL33/100)*(AH33) -> 2221.83 | AO33: 7.0445181 | AP33: 4.8311116 | AR33: =AP33/$AQ$4 -> 0.44804519 | AS33: 1.05 | AT33: 1.73 | AU33: 1.87 | AV33: 9.43 | AW33: 90.5 | AX33: 9.03 | AY33: 90.38 | AZ33: 9.4366056 | BA33: 9.0835932 | BB33: 87103 | BC33: 955 | BD33: 90308 | BE33: 24 | BF33: 1627 | BG33: 1505 | BH33: 114 | BI33: 5 | BJ33: 2117 | BK33: 2010 | BL33: 102 | BM33: 2 | BN33: 1537 | BO33: 1391 | BP33: 145 | BQ33: 1882 | BR33: 1701 | BS33: 170 | BT33: 78 | BU33: 1393
A34: 31 | B34: SS | C34: TEST | D34: 4 | E34: 45645 | F34: 3 | G34: 1 | H34: 1.59 | I34: 0 | J34: 1 | K34: 0 | L34: 100000 | M34: 11.8 | N34: =(L34)/(M34) -> 8474.5763 | O34: 100000 | P34: 7.2 | Q34: =(O34)/(P34) -> 13888.889 | R34: 100000 | S34: 9.1 | T34: =(R34)/(S34) -> 10989.011 | U34: 2.7419355 | V34: 16232.47 | W34: 10233.56 | X34: 0.13 | Y34: 0.08 | Z34: 0.16 | AA34: 20.967742 | AB34: 6.0606061 | AC34: 9.4117647 | AD34: 0.72 | AE34: 0.62 | AF34: 1.32 | AG34: 1.7 | AH34: =(AG34/100)*100000 -> 1700 | AI34: 11.51 | AJ34: 88.49 | AK34: 10.76 | AL34: 88.97 | AM34: =(AK34/100)*(AH34) -> 182.92 | AN34: =(AL34/100)*(AH34) -> 1512.49 | AO34: 11.51 | AP34: 10.789131 | AR34: =AP34/$AQ$4 -> 1.0006016 | AS34: 0.62 | AT34: 1.32 | AU34: 0.96 | AV34: 14.43 | AW34: 84.9 | AX34: 22.42 | AY34: 76.64 | AZ34: 14.527333 | BA34: 22.632748 | BB34: 94702 | BC34: 666 | BD34: 97941 | BE34: 125 | BF34: 1190 | BG34: 1053 | BH34: 137 | BI34: 3 | BJ34: 1505 | BK34: 1339 | BL34: 162 | BM34: 4 | BN34: 1199 | BO34: 1018 | BP34: 173 | BQ34: 959 | BR34: 735 | BS34: 215 | BT34: 30 | BU34: 1893
A35: 32 | B35: SS | C35: TEST | D35: 4 | E35: 45645 | F35: 3 | G35: 0 | H35: 3.42 | I35: 0 | J35: 1 | K35: 0 | L35: 100000 | M35: 13.4 | N35: =(L35)/(M35) -> 7462.6866 | O35: 100000 | P35: 11 | Q35: =(O35)/(P35) -> 9090.9091 | R35: 100000 | S35: 11.9 | T35: =(R35)/(S35) -> 8403.3613 | U35: 4.1368421 | V35: 5496.15 | W35: 3814.94 | X35: 0.03 | Y35: 0.03 | Z35: 0.03 | AA35: 3.1578947 | AB35: 1.3333333 | AC35: 0.76335878 | AD35: 0.7 | AE35: 0.95 | AF35: 2.25 | AG35: 3.93 | AH35: =(AG35/100)*100000 -> 3930 | AI35: 8.77 | AJ35: 90.85 | AK35: 5.15 | AL35: 94.56 | AM35: =(AK35/100)*(AH35) -> 202.395 | AN35: =(AL35/100)*(AH35) -> 3716.208 | AO35: 8.8034531 | AP35: 5.1649784 | AR35: =AP35/$AQ$4 -> 0.47900855 | AS35: 0.95 | AT35: 2.15 | AU35: 3.13 | AV35: 11.24 | AW35: 88.26 | AX35: 7.77 | AY35: 91.79 | AZ35: 11.296482 | BA35: 7.8043391 | BB35: 89247 | BC35: 607 | BD35: 94786 | BE35: 27 | BF35: 2098 | BG35: 1906 | BH35: 184 | BI35: 13 | BJ35: 3692 | BK35: 3491 | BL35: 190 | BM35: 5 | BN35: 2001 | BO35: 1766 | BP35: 225 | BQ35: 3141 | BR35: 2883 | BS35: 244 | BT35: 50 | BU35: 1463
A36: 33 | B36: SS | C36: TEST | D36: 4 | E36: 45645 | F36: 3 | G36: 1 | H36: 1.28 | I36: 1 | J36: 1 | K36: 0 | L36: 100000 | M36: 9.3 | N36: =(L36)/(M36) -> 10752.688 | O36: 100000 | P36: 7.6 | Q36: =(O36)/(P36) -> 13157.895 | R36: 100000 | S36: 7.2 | T36: =(R36)/(S36) -> 13888.889 | U36: 3.9319728 | V36: 10153.86 | W36: 6650.39 | X36: 0.22 | Y36: 0.19 | Z36: 0.33 | AA36: 14.965986 | AB36: 4.2792793 | AC36: 5.7093426 | AD36: 1.12 | AE36: 1.47 | AF36: 4.44 | AG36: 5.78 | AH36: =(AG36/100)*100000 -> 5780 | AI36: 10.32 | AJ36: 88.92 | AK36: 9.72 | AL36: 89.32 | AM36: =(AK36/100)*(AH36) -> 561.816 | AN36: =(AL36/100)*(AH36) -> 5162.696 | AO36: 10.399033 | AP36: 9.8142165 | AR36: =AP36/$AQ$4 -> 0.91018649 | AS36: 1.47 | AT36: 3.76 | AU36: 4.29 | AV36: 18.15 | AW36: 81.03 | AX36: 18.52 | AY36: 80.32 | AZ36: 18.30006 | BA36: 18.737353 | BB36: 88236 | BC36: 952 | BD36: 92568 | BE36: 200 | BF36: 4042 | BG36: 3594 | BH36: 417 | BI36: 22 | BJ36: 5299 | BK36: 4733 | BL36: 515 | BM36: 24 | BN36: 3394 | BO36: 2750 | BP36: 616 | BQ36: 4324 | BR36: 3473 | BS36: 801 | BT36: 23 | BU36: 1793
A37: 34 | B37: SS | C37: TEST | D37: 4 | E37: 45645 | F37: 3 | G37: 0 | H37: 3.39 | I37: 0 | J37: 1 | K37: 0 | L37: 100000 | M37: 7.1 | N37: =(L37)/(M37) -> 14084.507 | O37: 100000 | P37: 6 | Q37: =(O37)/(P37) -> 16666.667 | R37: 100000 | S37: 4.7 | T37: =(R37)/(S37) -> 21276.596 | U37: 4.2718447 | V37: 12463.06 | W37: 12350.9 | X37: 0.2 | Y37: 0.24 | Z37: 0.49 | AA37: 19.417476 | AB37: 8.0536913 | AC37: 11.136364 | AD37: 0.87 | AE37: 1.03 | AF37: 2.98 | AG37: 4.4 | AH37: =(AG37/100)*100000 -> 4400 | AI37: 8.07 | AJ37: 91.67 | AK37: 7.55 | AL37: 92.13 | AM37: =(AK37/100)*(AH37) -> 332.2 | AN37: =(AL37/100)*(AH37) -> 4053.72 | AO37: 8.0910367 | AP37: 7.5742376 | AR37: =AP37/$AQ$4 -> 0.70244718 | AS37: 1.03 | AT37: 2.24 | AU37: 2.35 | AV37: 19.47 | AW37: 80.25 | AX37: 21.05 | AY37: 78.23 | AZ37: 19.524669 | BA37: 21.202659 | BB37: 92550 | BC37: 796 | BF37: 2774 | BG37: 2543 | BH37: 224 | BI37: 9 | BJ37: 4077 | BK37: 3756 | BL37: 308 | BM37: 25 | BN37: 2121 | BO37: 1702 | BP37: 413 | BQ37: 2361 | BR37: 1847 | BS37: 497 | BT37: 51 | BU37: 1503

Sheet ivSCAs - LM staging data
A1: Parasite development by Light Microscopy (staging) - from sheet 'ivSCAs - Parasite cultures - LM data'
A2: Experiment | B2: Exp1 | C2: Exp1 | D2: Exp1 | E2: Exp1 | F2: Exp2 | G2: Exp2 | H2: Exp2 | I2: Exp2
A3: ID | B3: 1 | C3: 2 | D3: 3 | E3: 4 | F3: 12 | G3: 13 | H3: 10 | I3: 11
A4: Sample type | B4: CTRL FRESH | C4: TEST | D4: TEST | E4: TEST | F4: TEST | G4: TEST | H4: TEST | I4: TEST
A5: Sample sizes (n) | B5: 1 | C5: 2 | E5: 1 | F5: 2 | H5: 2
A6: HBB Genotype | B6: AA | C6: AS | D6: AS | E6: AC | F6: SS | G6: SS | H6: SC | I6: SC
A7: 35-40 hpi (Generation 0)
A8: iRBCs_Gen0_35to40hpi | B8: 1.35 | C8: 2.44 | D8: 2.1 | E8: 1.93 | F8: 0.59 | G8: 0.68 | H8: 1.13 | I8: 1.84
A9: LM_total_iRBCs_counts_Gen0_35to40hpi | B9: 127 | C9: 111 | D9: 104 | E9: 105 | F9: 123 | G9: 110 | H9: 103 | I9: 106
A10: %Tiny Rings (~0-5h) | C10: 6.3063063 | D10: 15.384615 | E10: 3.8095238
A11: %Small Rings (~5-18h)
A12: %Large Rings (~18-22h) | C12: 9.9099099 | E12: 2.8571429 | F12: 32.520325 | G12: 30 | H12: 64.07767 | I12: 51.886792
A13: %Early Trophs (~22-26h) | C13: 13.513514 | D13: 8.6538462 | E13: 0.95238095
A14: %Mid Trophs (~26-30h) | C14: 0.9009009 | F14: 28.455285 | G14: 20 | H14: 23.300971 | I14: 21.698113
A15: %Late Trophs (~30-34h) | B15: 12.598425 | C15: 24.324324 | D15: 30.769231 | E15: 14.285714
A16: %Early Schizonts (~34-40h) | B16: 28.346457 | C16: 21.621622 | D16: 22.115385 | E16: 40 | F16: 12.195122 | G16: 16.363636 | H16: 8.7378641 | I16: 6.6037736
A17: %Late schizonts (~40-44h) | B17: 59.055118 | C17: 23.423423 | D17: 23.076923 | E17: 38.095238 | F17: 26.829268 | G17: 33.636364 | H17: 3.8834951 | I17: 19.811321
A18: Total stages% | B18: 100 | C18: 100 | D18: 100 | E18: 100 | F18: 100 | G18: 100 | H18: 100 | I18: 100
A19: 25-30 hpi (Generation 1)
A20: iRBCs_Gen1_25to30hpi | B20: 7.85 | C20: 12.94 | D20: 25.56 | E20: 20.98 | F20: 1.25 | G20: 1.47 | H20: 0.63 | I20: 3.33
A21: LM_total_iRBCs_counts_Gen1_25to30hpi | B21: 100 | C21: 107 | D21: 104 | E21: 104 | F21: 101 | G21: 100 | H21: 100 | I21: 143
A22: %Tiny Rings (~0-5h) | B22: 13 | C22: 13.084112 | D22: 9.6153846 | E22: 16.346154
A23: %Small Rings (~5-18h) | F23: 3 | G23: 5 | H23: 23 | I23: 18
A24: %Large Rings (~18-22h) | B24: 31 | C24: 56.074766 | D24: 43.269231 | E24: 24.038462 | F24: 8 | G24: 8 | H24: 37 | I24: 24
A25: %Early Trophs (~22-26h) | C25: 3.7383178 | D25: 3.8461538
A26: %Mid Trophs (~26-30h) | B26: 51 | C26: 22.429907 | D26: 43.269231 | E26: 55.769231 | F26: 51 | G26: 60 | H26: 28 | I26: 84
A27: %Late Trophs (~30-34h) | B27: 2 | C27: 4.6728972 | E27: 2.8846154
A28: %Early Schizonts (~34-40h) | B28: 2 | E28: 0.96153846 | F28: 26 | G28: 22 | H28: 10 | I28: 9
A29: %Late schizonts (~40-44h) | B29: 1 | F29: 13 | G29: 5 | H29: 2 | I29: 8
A30: Total stages% | B30: 100 | C30: 100 | D30: 100 | E30: 100 | F30: 100 | G30: 100 | H30: 100 | I30: 100
A31: 35-40 hpi (Generation 1)
A32: iRBCs_Gen1_35to40hpi | B32: 10.23 | C32: 28.69 | D32: 20.14 | E32: 13.89 | F32: 2.56 | G32: 3.08 | H32: 1.07 | I32: 5.73
A33: LM_total_iRBCs_counts_Gen1_35to40hpi | B33: 103 | C33: 125 | D33: 100 | E33: 111 | F33: 109 | G33: 103 | H33: 102 | I33: 101
A34: %Tiny Rings (~0-5h) | B34: 3.8834951 | C34: 12.8 | D34: 20 | E34: 9.009009
A35: %Small Rings (~5-18h) | F35: 18 | G35: 17 | H35: 38 | I35: 27
A36: %Large Rings (~18-22h) | C36: 7.2 | D36: 6 | E36: 0.9009009 | F36: 9 | G36: 14 | H36: 28 | I36: 18
A37: %Early Trophs (~22-26h) | B37: 1.9417476 | C37: 15.2 | D37: 17
A38: %Mid Trophs (~26-30h) | B38: 14.563107 | C38: 33.6 | D38: 25 | E38: 21.621622 | F38: 44 | G38: 50 | H38: 28 | I38: 33
A39: %Late Trophs (~30-34h) | B39: 19.417476 | C39: 12.8 | D39: 7 | E39: 10.810811
A40: %Early Schizonts (~34-40h) | B40: 46.601942 | C40: 16.8 | D40: 20 | E40: 36.936937 | F40: 15 | G40: 9 | H40: 4 | I40: 7
A41: %Late schizonts (~40-44h) | B41: 13.592233 | C41: 1.6 | D41: 5 | E41: 20.720721 | F41: 24 | G41: 13 | H41: 4 | I41: 16
A42: Total stages% | B42: 100 | C42: 100 | D42: 100 | E42: 100 | F42: 100 | G42: 100 | H42: 100 | I42: 100

Sheet ivSCAs-DelayAge_35-40hpi_G0
A1: Parasite development and age at ~35-40 hpi (Gen0) - for assessment of potential delay
A2: Stage proportion% | B2: Tiny Ring | C2: Small Ring | D2: Large Ring | E2: Early Troph | F2: Mid Troph | G2: Late Troph | H2: Early Schizont | I2: Late Schizont
A3: HPI | B3: 3 | C3: 11 | D3: 21 | E3: 28 | F3: 32 | G3: 36 | H3: 41 | I3: 46
A4: AA | B4: 0 | C4: 0 | D4: 0 | E4: 0 | F4: 0 | G4: 13 | H4: 28 | I4: 59 | J4: =SUM(B4:I4) -> 100
A5: AC | B5: 4 | C5: 0 | D5: 3 | E5: 1 | F5: 0 | G5: 14 | H5: 40 | I5: 38 | J5: =SUM(B5:I5) -> 100
A6: AS | B6: 10 | C6: 0 | D6: 10 | E6: 11 | F6: 1 | G6: 26 | H6: 20 | I6: 22 | J6: =SUM(B6:I6) -> 100
A7: SS | B7: 0 | C7: 0 | D7: 32 | E7: 0 | F7: 24 | G7: 0 | H7: 14 | I7: 30 | J7: =SUM(B7:I7) -> 100
A8: SC | B8: 0 | C8: 0 | D8: 58 | E8: 0 | F8: 22 | G8: 0 | H8: 8 | I8: 12 | J8: =SUM(B8:I8) -> 100
A10: Age | B10: Tiny Ring | C10: Small Ring | D10: Large Ring | E10: Early Troph | F10: Mid Troph | G10: Late Troph | H10: Early Schizont | I10: Late Schizont | J10: Mean AGE | K10: meanHPI DELAY | L10: Hours of delay* | M10: Hours of delay$
A11: AA | B11: =B$3*B4 -> 0 | C11: =C$3*C4 -> 0 | D11: =D$3*D4 -> 0 | E11: =E$3*E4 -> 0 | F11: =F$3*F4 -> 0 | G11: =G$3*G4 -> 468 | H11: =H$3*H4 -> 1148 | I11: =I$3*I4 -> 2714 | J11: =SUM(B11:I11)/SUM(B4:I4) -> 43.3 | L11: =44-J11 -> 0.7 | M11: =J11-'ivSCAs-DelayAge_35-40hpi_G1'!J11 -> 5.68
A12: AC | B12: =B$3*B5 -> 12 | C12: =C$3*C5 -> 0 | D12: =D$3*D5 -> 63 | E12: =E$3*E5 -> 28 | F12: =F$3*F5 -> 0 | G12: =G$3*G5 -> 504 | H12: =H$3*H5 -> 1640 | I12: =I$3*I5 -> 1748 | J12: =SUM(B12:I12)/SUM(B5:I5) -> 39.95 | K12: =J$11-J12 -> 3.35 | L12: =44-J12 -> 4.05 | M12: =J12-'ivSCAs-DelayAge_35-40hpi_G1'!J12 -> 3.96
A13: AS | B13: =B$3*B6 -> 30 | C13: =C$3*C6 -> 0 | D13: =D$3*D6 -> 210 | E13: =E$3*E6 -> 308 | F13: =F$3*F6 -> 32 | G13: =G$3*G6 -> 936 | H13: =H$3*H6 -> 820 | I13: =I$3*I6 -> 1012 | J13: =SUM(B13:I13)/SUM(B6:I6) -> 33.48 | K13: =J$11-J13 -> 9.82 | L13: =44-J13 -> 10.52 | M13: =J13-'ivSCAs-DelayAge_35-40hpi_G1'!J13 -> 4.95
A14: SS | B14: =B$3*B7 -> 0 | C14: =C$3*C7 -> 0 | D14: =D$3*D7 -> 672 | E14: =E$3*E7 -> 0 | F14: =F$3*F7 -> 768 | G14: =G$3*G7 -> 0 | H14: =H$3*H7 -> 574 | I14: =I$3*I7 -> 1380 | J14: =SUM(B14:I14)/SUM(B7:I7) -> 33.94 | K14: =J$11-J14 -> 9.36 | L14: =44-J14 -> 10.06 | M14: =J14-'ivSCAs-DelayAge_35-40hpi_G1'!J14 -> 3
A15: SC | B15: =B$3*B8 -> 0 | C15: =C$3*C8 -> 0 | D15: =D$3*D8 -> 1218 | E15: =E$3*E8 -> 0 | F15: =F$3*F8 -> 704 | G15: =G$3*G8 -> 0 | H15: =H$3*H8 -> 328 | I15: =I$3*I8 -> 552 | J15: =SUM(B15:I15)/SUM(B8:I8) -> 28.02 | K15: =J$11-J15 -> 15.28 | L15: =44-J15 -> 15.98 | M15: =J15-'ivSCAs-DelayAge_35-40hpi_G1'!J15 -> 3.17
L16: *compared to expected 44hpi life cycle
A17: shift%* | B17: Tiny Ring | C17: Small Ring | D17: Large Ring | E17: Early Troph | F17: Mid Troph | G17: Late Troph | H17: Early Schizont | I17: Late Schizont | L17: $compared to same timepoint in Generation 1
A18: AC | B18: =B$4-B5 -> -4 | C18: =C$4-C5 -> 0 | D18: =D$4-D5 -> -3 | E18: =E$4-E5 -> -1 | F18: =F$4-F5 -> 0 | G18: =G$4-G5 -> -1 | H18: =H$4-H5 -> -12 | I18: =I$4-I5 -> 21
A19: AS | B19: =B$4-B6 -> -10 | C19: =C$4-C6 -> 0 | D19: =D$4-D6 -> -10 | E19: =E$4-E6 -> -11 | F19: =F$4-F6 -> -1 | G19: =G$4-G6 -> -13 | H19: =H$4-H6 -> 8 | I19: =I$4-I6 -> 37
A20: SS | B20: =B$4-B7 -> 0 | C20: =C$4-C7 -> 0 | D20: =D$4-D7 -> -32 | E20: =E$4-E7 -> 0 | F20: =F$4-F7 -> -24 | G20: =G$4-G7 -> 13 | H20: =H$4-H7 -> 14 | I20: =I$4-I7 -> 29
A21: SC | B21: =B$4-B8 -> 0 | C21: =C$4-C8 -> 0 | D21: =D$4-D8 -> -58 | E21: =E$4-E8 -> 0 | F21: =F$4-F8 -> -22 | G21: =G$4-G8 -> 13 | H21: =H$4-H8 -> 20 | I21: =I$4-I8 -> 47
A23: Total shift % per stage (general)* | B23: Rings | E23: Trophozoites | H23: Schizonts
A24: AC | B24: =SUM(B18:D18) -> -7 | E24: =SUM(E18:G18) -> -2 | H24: =SUM(H18:I18) -> 9
A25: AS | B25: =SUM(B19:D19) -> -20 | E25: =SUM(E19:G19) -> -25 | H25: =SUM(H19:I19) -> 45
A26: SS | B26: =SUM(B20:D20) -> -32 | E26: =SUM(E20:G20) -> -11 | H26: =SUM(H20:I20) -> 43
A27: SC | B27: =SUM(B21:D21) -> -58 | E27: =SUM(E21:G21) -> -9 | H27: =SUM(H21:I21) -> 67
A28: AA (reference) | B28: =SUM(B4:D4) -> 0 | E28: =SUM(E4:G4) -> 13 | H28: =SUM(H4:I4) -> 87 | J28: EXPECTED %PARASITE STAGE
E30: * | F30: Shift = Developmental delay by parasite stage
F31: - is more % acquired per stage
F32: + is less % acquired per stage

Sheet ivSCAs-DelayAge_35-40hpi_G1
A1: Parasite development and age at ~35-40 hpi (Gen1) - for assessment of potential delay
A2: Stage proportion% | B2: Tiny Ring | C2: Small Ring | D2: Large Ring | E2: Early Troph | F2: Mid Troph | G2: Late Troph | H2: Early Schizont | I2: Late Schizont
A3: HPI | B3: 3 | C3: 11 | D3: 21 | E3: 28 | F3: 32 | G3: 36 | H3: 41 | I3: 46
A4: AA | B4: 4 | C4: 0 | D4: 0 | E4: 2 | F4: 15 | G4: 19 | H4: 46 | I4: 14 | J4: =SUM(B4:I4) -> 100
A5: AC | B5: 9 | C5: 0 | D5: 1 | E5: 0 | F5: 21 | G5: 11 | H5: 37 | I5: 21 | J5: =SUM(B5:I5) -> 100
A6: AS | B6: 16 | C6: 0 | D6: 7 | E6: 16 | F6: 29 | G6: 10 | H6: 18 | I6: 4 | J6: =SUM(B6:I6) -> 100
A7: SS | B7: 0 | C7: 16 | D7: 11 | E7: 0 | F7: 44 | G7: 0 | H7: 11 | I7: 18 | J7: =SUM(B7:I7) -> 100
A8: SC | B8: 0 | C8: 32 | D8: 22 | E8: 0 | F8: 30 | G8: 0 | H8: 5 | I8: 11 | J8: =SUM(B8:I8) -> 100
A10: Age | B10: Tiny Ring | C10: Small Ring | D10: Large Ring | E10: Early Troph | F10: Mid Troph | G10: Late Troph | H10: Early Schizont | I10: Late Schizont | J10: Mean AGE | K10: meanHPI DELAY
A11: AA | B11: =B$3*B4 -> 12 | C11: =C$3*C4 -> 0 | D11: =D$3*D4 -> 0 | E11: =E$3*E4 -> 56 | F11: =F$3*F4 -> 480 | G11: =G$3*G4 -> 684 | H11: =H$3*H4 -> 1886 | I11: =I$3*I4 -> 644 | J11: =SUM(B11:I11)/SUM(B4:I4) -> 37.62
A12: AC | B12: =B$3*B5 -> 27 | C12: =C$3*C5 -> 0 | D12: =D$3*D5 -> 21 | E12: =E$3*E5 -> 0 | F12: =F$3*F5 -> 672 | G12: =G$3*G5 -> 396 | H12: =H$3*H5 -> 1517 | I12: =I$3*I5 -> 966 | J12: =SUM(B12:I12)/SUM(B5:I5) -> 35.99 | K12: =J$11-J12 -> 1.63
A13: AS | B13: =B$3*B6 -> 48 | C13: =C$3*C6 -> 0 | D13: =D$3*D6 -> 147 | E13: =E$3*E6 -> 448 | F13: =F$3*F6 -> 928 | G13: =G$3*G6 -> 360 | H13: =H$3*H6 -> 738 | I13: =I$3*I6 -> 184 | J13: =SUM(B13:I13)/SUM(B6:I6) -> 28.53 | K13: =J$11-J13 -> 9.09
A14: SS | B14: =B$3*B7 -> 0 | C14: =C$3*C7 -> 176 | D14: =D$3*D7 -> 231 | E14: =E$3*E7 -> 0 | F14: =F$3*F7 -> 1408 | G14: =G$3*G7 -> 0 | H14: =H$3*H7 -> 451 | I14: =I$3*I7 -> 828 | J14: =SUM(B14:I14)/SUM(B7:I7) -> 30.94 | K14: =J$11-J14 -> 6.68
A15: SC | B15: =B$3*B8 -> 0 | C15: =C$3*C8 -> 352 | D15: =D$3*D8 -> 462 | E15: =E$3*E8 -> 0 | F15: =F$3*F8 -> 960 | G15: =G$3*G8 -> 0 | H15: =H$3*H8 -> 205 | I15: =I$3*I8 -> 506 | J15: =SUM(B15:I15)/SUM(B8:I8) -> 24.85 | K15: =J$11-J15 -> 12.77
A17: shift% | B17: Tiny Ring | C17: Small Ring | D17: Large Ring | E17: Early Troph | F17: Mid Troph | G17: Late Troph | H17: Early Schizont | I17: Late Schizont
A18: AC | B18: =B$4-B5 -> -5 | C18: =C$4-C5 -> 0 | D18: =D$4-D5 -> -1 | E18: =E$4-E5 -> 2 | F18: =F$4-F5 -> -6 | G18: =G$4-G5 -> 8 | H18: =H$4-H5 -> 9 | I18: =I$4-I5 -> -7
A19: AS | B19: =B$4-B6 -> -12 | C19: =C$4-C6 -> 0 | D19: =D$4-D6 -> -7 | E19: =E$4-E6 -> -14 | F19: =F$4-F6 -> -14 | G19: =G$4-G6 -> 9 | H19: =H$4-H6 -> 28 | I19: =I$4-I6 -> 10
A20: SS | B20: =B$4-B7 -> 4 | C20: =C$4-C7 -> -16 | D20: =D$4-D7 -> -11 | E20: =E$4-E7 -> 2 | F20: =F$4-F7 -> -29 | G20: =G$4-G7 -> 19 | H20: =H$4-H7 -> 35 | I20: =I$4-I7 -> -4
A21: SC | B21: =B$4-B8 -> 4 | C21: =C$4-C8 -> -32 | D21: =D$4-D8 -> -22 | E21: =E$4-E8 -> 2 | F21: =F$4-F8 -> -15 | G21: =G$4-G8 -> 19 | H21: =H$4-H8 -> 41 | I21: =I$4-I8 -> 3
A23: Total shift % per stage (general)* | B23: Rings | E23: Trophozoites | H23: Schizonts
A24: AC | B24: =SUM(B18:D18) -> -6 | E24: =SUM(E18:G18) -> 4 | H24: =SUM(H18:I18) -> 2
A25: AS | B25: =SUM(B19:D19) -> -19 | E25: =SUM(E19:G19) -> -19 | H25: =SUM(H19:I19) -> 38
A26: SS | B26: =SUM(B20:D20) -> -23 | E26: =SUM(E20:G20) -> -8 | H26: =SUM(H20:I20) -> 31
A27: SC | B27: =SUM(B21:D21) -> -50 | E27: =SUM(E21:G21) -> 6 | H27: =SUM(H21:I21) -> 44
A28: AA (reference) | B28: =SUM(B4:D4) -> 4 | E28: =SUM(E4:G4) -> 36 | H28: =SUM(H4:I4) -> 60 | J28: EXPECTED %PARASITE STAGE
E30: * | F30: - is more % acquired per stage
F31: + is less % acquired per stage

Sheet ivSCAs-SupplementaryTable2 data
A1: SUPPLEMENTARY TABLE 2
A2: HBB Genotype | B2: Sample type | C2: Sample ID | D2: PMR | E2: Late stages ~35-40 hpi (Generation 0) (%) | F2: Late stages ~25-30 hpi (Generation 1) (%) | G2: Late stages ~35-40 hpi (Generation 1) (%) | H2: Fold change 1* | I2: Fold change 2 £ | J2: Parasite development
A3: HBB Genotype | B3: Sample type | C3: ID | D3: PMR_CHOLINE_Gen0_1 | E3: LateStages_Proportion_CHOLINE_Gen0_35to40hpi (%) | F3: LateStages_Proportion_CHOLINE_Gen1_25to30hpi (%) | G3: LateStagesProportion_CHOLINE_Gen1_35to40hpi (%) | H3: Fold change1 | I3: Fold change2 | J3: Parasite development Pattern | K3: SCR (%) ~35-40 hpi (Generation 1)
A4: HbAA | B4: HbAA CTRL | C4: 1 | D4: 3.1703704 | E4: 60 | F4: 10.046729 | G4: 33.571429 | H4: =(F4)/(E4) -> 0.16744548 | I4: =(G4)/(F4) -> 3.3415282 | J4: EXPECTED DEVELOPMENT | K4: 8.81
A5: HbAA | B5: HbAA CTRL | C5: 2 | D5: 2.6847826 | E5: 46.73913 | F5: 7.6923077 | G5: 25.265393 | H5: =(F5)/(E5) -> 0.16457961 | I5: =(G5)/(F5) -> 3.2845011 | J5: EXPECTED DEVELOPMENT | K5: 7.27
A6: HbAA | B6: HbAA CTRL | C6: 3 | D6: 4.6603774 | E6: 11.320755 | F6: 2.0242915 | G6: 19.811321 | H6: =(F6)/(E6) -> 0.17881242 | I6: =(G6)/(F6) -> 9.7867925 | J6: EXPECTED DEVELOPMENT | K6: 9.04
A7: HbAA | B7: HbAA CTRL | C7: 4 | D7: 3.5405405 | E7: 50 | F7: 5.0890585 | G7: 12.97989 | H7: =(F7)/(E7) -> 0.10178117 | I7: =(G7)/(F7) -> 2.5505484 | J7: EXPECTED DEVELOPMENT | K7: 8.51
A8: HbAA | B8: HbAA CTRL | C8: 5 | D8: 4.6612903 | E8: 42.857143 | F8: 5.5363322 | G8: 14.360313 | H8: =(F8)/(E8) -> 0.12918108 | I8: =(G8)/(F8) -> 2.5938316 | J8: EXPECTED DEVELOPMENT | K8: 7.72
A9: HbAA | B9: HbAA CTRL | C9: 6 | D9: 4.4285714 | E9: 40.909091 | F9: 5.0691244 | G9: 12.703583 | H9: =(F9)/(E9) -> 0.12391193 | I9: =(G9)/(F9) -> 2.5060705 | J9: EXPECTED DEVELOPMENT | K9: 6.82
A10: HbAA | B10: HbAA | C10: 7 | D10: 3.1460674 | E10: 52.808989 | F10: 6.7857143 | G10: 34.102564 | H10: =(F10)/(E10) -> 0.12849544 | I10: =(G10)/(F10) -> 5.025641 | J10: EXPECTED DEVELOPMENT | K10: 10.93
A11: HbAA | B11: HbAA | C11: 8 | D11: 3.1151832 | E11: 21.989529 | F11: 1.6806723 | G11: 35.680751 | H11: =(F11)/(E11) -> 0.076430572 | I11: =(G11)/(F11) -> 21.230047 | J11: EXPECTED DEVELOPMENT | K11: 10.78
A12: HbAA | B12: HbAA | C12: 9 | D12: 1.4596774 | E12: 45.16129 | F12: 1.6574586 | G12: 18.7251 | H12: =(F12)/(E12) -> 0.036700868 | I12: =(G12)/(F12) -> 11.297477 | J12: EXPECTED DEVELOPMENT | K12: 9.34
A13: HbAA | B13: HbAA | C13: 10 | D13: 1.7346939 | E13: 70.408163 | F13: 5.2941176 | G13: 24.409449 | H13: =(F13)/(E13) -> 0.075191816 | I13: =(G13)/(F13) -> 4.6106737 | J13: EXPECTED DEVELOPMENT | K13: 10.44 | M13: (1) CALCULATION OF MEDIAN AND INTERQUARTILE RANGES:
A14: HbAA | B14: HbAA | C14: 11 | D14: 4.6164384 | E14: 8.2191781 | F14: 0 | G14: 20.924574 | H14: =(F14)/(E14) -> 0 | I14: =(G14)/(F14) -> #DIV/0! | J14: EXPECTED DEVELOPMENT | K14: 14.19 | O14: Q1 | P14: 25th percentile
A15: HbAC | B15: HbAC | C15: 12 | D15: 2.2901554 | E15: 61.658031 | F15: 12.443439 | G15: 28.328612 | H15: =(F15)/(E15) -> 0.20181376 | I15: =(G15)/(F15) -> 2.2765903 | J15: DELAYED DEVELOPMENT | K15: 11.31 | O15: Q2 | P15: Median/50th percentile
A16: HbAC | B16: HbAC | C16: 13 | D16: 3.3285714 | E16: 51.428571 | F16: 4.2918455 | G16: 31.830986 | H16: =(F16)/(E16) -> 0.083452551 | I16: =(G16)/(F16) -> 7.4166197 | J16: EXPECTED DEVELOPMENT | K16: 10.42 | O16: Q3 | P16: 75th percentile
A17: HbAC | B17: HbAC | C17: 14 | D17: 0.88284519 | E17: 60.669456 | F17: 3.7914692 | G17: 8.7227414 | H17: =(F17)/(E17) -> 0.062493872 | I17: =(G17)/(F17) -> 2.3006231 | J17: DELAYED DEVELOPMENT | K17: 16.02 | O17: Q4 | P17: Max value, 100th percentile
A18: HbAC | B18: HbAC | C18: 15 | D18: 3.2477876 | E18: 7.079646 | F18: 2.4523161 | G18: 13.947368 | H18: =(F18)/(E18) -> 0.34638965 | I18: =(G18)/(F18) -> 5.6874269 | J18: DELAYED DEVELOPMENT | K18: 13.32
A19: HbAC | B19: HbAC | C19: 16 | D19: 1.9951923 | E19: 57.692308 | F19: 4.5783133 | G19: 27.493917 | H19: =(F19)/(E19) -> 0.07935743 | I19: =(G19)/(F19) -> 6.0052504 | J19: EXPECTED DEVELOPMENT | K19: 17.77 | M19: Fold-change1 | N19: MEDIAN | O19: OUTLIER | P19: Q1 | Q19: Q2 | R19: Q3 | S19: Q4 | T19: OUTLIER
A20: HbAS | B20: HbAS | C20: 17 | D20: 2.5901639 | E20: 40.163934 | F20: 5.221519 | G20: 14.524207 | H20: =(F20)/(E20) -> 0.13000517 | I20: =(G20)/(F20) -> 2.7816057 | J20: EXPECTED DEVELOPMENT | K20: 26.27 | M20: AA | N20: =MEDIAN(H4:H14) -> 0.12391193 | P20: =_xlfn.QUARTILE.INC($H4:$H13,1) -> 0.082768222 | Q20: =_xlfn.QUARTILE.INC($H4:$H13,2) -> 0.12620369 | R20: =_xlfn.QUARTILE.INC($H4:$H13,3) -> 0.15572998 | S20: =_xlfn.QUARTILE.INC($H4:$H13,4) -> 0.17881242
A21: HbAS | B21: HbAS | C21: 18 | D21: 2.7380952 | E21: 32.857143 | F21: 5.9130435 | G21: 15.904936 | H21: =(F21)/(E21) -> 0.17996219 | I21: =(G21)/(F21) -> 2.6898054 | J21: EXPECTED DEVELOPMENT | K21: 18.26 | M21: AC | N21: =MEDIAN(H15:H19) -> 0.083452551 | P21: =_xlfn.QUARTILE.INC($H15:$H19,1) -> 0.07935743 | Q21: =_xlfn.QUARTILE.INC($H15:$H19,2) -> 0.083452551 | R21: =_xlfn.QUARTILE.INC($H15:$H19,3) -> 0.20181376 | S21: =_xlfn.QUARTILE.INC($H15:$H19,4) -> 0.34638965
A22: HbAS | B22: HbAS | C22: 19 | D22: 2.3466667 | E22: 18.666667 | F22: 1.7045455 | G22: 5.1413882 | H22: =(F22)/(E22) -> 0.091314935 | I22: =(G22)/(F22) -> 3.0162811 | J22: DELAYED DEVELOPMENT | K22: 14.82 | M22: AS | N22: =MEDIAN(H20:H23) -> 0.14515899 | P22: =_xlfn.QUARTILE.INC($H20:$H23,1) -> 0.12033261 | Q22: =_xlfn.QUARTILE.INC($H20:$H23,2) -> 0.14515899 | R22: =_xlfn.QUARTILE.INC($H20:$H23,3) -> 0.16522515 | S22: =_xlfn.QUARTILE.INC($H20:$H23,4) -> 0.17996219
A23: HbAS | B23: HbAS | C23: 20 | D23: 2.2682927 | E23: 8.9430894 | F23: 1.4336918 | G23: 3.2719836 | H23: =(F23)/(E23) -> 0.16031281 | I23: =(G23)/(F23) -> 2.2822086 | J23: (PARTIAL) ARREST/EXTREMELY DELAYED DEVELOPMENT | K23: 14.02 | M23: SC | N23: =MEDIAN(H24:H25) -> 1.4446976 | P23: =_xlfn.QUARTILE.INC($H24:$H25,1) -> 0.82180824 | Q23: =_xlfn.QUARTILE.INC($H24:$H25,2) -> 1.4446976 | R23: =_xlfn.QUARTILE.INC($H24:$H25,3) -> 2.0675869 | S23: =_xlfn.QUARTILE.INC($H24:$H25,4) -> 2.6904762
A24: HbSC | B24: HbSC | C24: 21 | D24: 0.55752212 | E24: 1.7699115 | F24: 4.7619048 | G24: 4.6728972 | H24: =(F24)/(E24) -> 2.6904762 | I24: =(G24)/(F24) -> 0.98130841 | J24: (PARTIAL) ARREST/EXTREMELY DELAYED DEVELOPMENT | K24: 7.79 | M24: SS | N24: =MEDIAN(H26:H37) -> 0.35190469 | P24: =_xlfn.QUARTILE.INC($H26:$H37,1) -> 0.24286986 | Q24: =_xlfn.QUARTILE.INC($H26:$H37,2) -> 0.35190469 | R24: =_xlfn.QUARTILE.INC($H26:$H37,3) -> 0.58188586 | S24: =_xlfn.QUARTILE.INC($H26:$H37,4) -> 1.3829787
A25: HbSC | B25: HbSC | C25: 22 | D25: 1.8097826 | E25: 13.586957 | F25: 2.7027027 | G25: 9.2495637 | H25: =(F25)/(E25) -> 0.19891892 | I25: =(G25)/(F25) -> 3.4223386 | J25: DELAYED DEVELOPMENT | K25: 7.16 | M25: Fold-change2 | N25: MEDIAN | O25: OUTLIER | P25: Q1 | Q25: Q2 | R25: Q3 | S25: Q4 | T25: OUTLIER
A26: HbSS | B26: HbSS | C26: 23 | D26: 2.1186441 | E26: 28.813559 | F26: 5.6 | G26: 16.40625 | H26: =(F26)/(E26) -> 0.19435294 | I26: =(G26)/(F26) -> 2.9296875 | J26: DELAYED DEVELOPMENT | K26: 5.03 | M26: AA | N26: =MEDIAN(I4:I13) -> 3.976101 | P26: =_xlfn.QUARTILE.INC($I4:$I13,1) -> 2.766499 | Q26: =_xlfn.QUARTILE.INC($I4:$I13,2) -> 3.976101 | R26: =_xlfn.QUARTILE.INC($I4:$I13,3) -> 8.5965046 | S26: =_xlfn.QUARTILE.INC($I4:$I13,4) -> 21.230047
A27: HbSS | B27: HbSS | C27: 24 | D27: 2.1617647 | E27: 20.588235 | F27: 4.7619048 | G27: 15.25974 | H27: =(F27)/(E27) -> 0.23129252 | I27: =(G27)/(F27) -> 3.2045455 | J27: DELAYED DEVELOPMENT | K27: 6.69 | M27: AC | N27: =MEDIAN(I15:I19) -> 5.6874269 | P27: =_xlfn.QUARTILE.INC($I15:$I19,1) -> 2.3006231 | Q27: =_xlfn.QUARTILE.INC($I15:$I19,2) -> 5.6874269 | R27: =_xlfn.QUARTILE.INC($I15:$I19,3) -> 6.0052504 | S27: =_xlfn.QUARTILE.INC($I15:$I19,4) -> 7.4166197
A28: HbSS | B28: HbSS | C28: 25 | D28: 3.2424242 | E28: 7.5757576 | F28: 1.8691589 | G28: 11.458333 | H28: =(F28)/(E28) -> 0.24672897 | I28: =(G28)/(F28) -> 6.1302083 | J28: DELAYED DEVELOPMENT | K28: 6.76 | M28: AS | N28: =MEDIAN(I20:I23) -> 2.7357055 | P28: =_xlfn.QUARTILE.INC($I20:$I23,1) -> 2.5879062 | Q28: =_xlfn.QUARTILE.INC($I20:$I23,2) -> 2.7357055 | R28: =_xlfn.QUARTILE.INC($I20:$I23,3) -> 2.8402745 | S28: =_xlfn.QUARTILE.INC($I20:$I23,4) -> 3.0162811
A29: HbSS | B29: HbSS | C29: 26 | D29: 3.6229508 | E29: 9.8360656 | F29: 1.8099548 | G29: 10.658307 | H29: =(F29)/(E29) -> 0.18401207 | I29: =(G29)/(F29) -> 5.8887147 | J29: DELAYED DEVELOPMENT | K29: 4.92 | M29: SC | N29: =MEDIAN(I24:I25) -> 2.2018235 | P29: =_xlfn.QUARTILE.INC($I24:$I25,1) -> 1.591566 | Q29: =_xlfn.QUARTILE.INC($I24:$I25,2) -> 2.2018235 | R29: =_xlfn.QUARTILE.INC($I24:$I25,3) -> 2.812081 | S29: =_xlfn.QUARTILE.INC($I24:$I25,4) -> 3.4223386
A30: HbSS | B30: HbSS | C30: 27 | D30: 3.5294118 | E30: 4.7058824 | F30: 3.3333333 | G30: 1.9900498 | H30: =(F30)/(E30) -> 0.70833333 | I30: =(G30)/(F30) -> 0.59701493 | J30: (PARTIAL) ARREST/EXTREMELY DELAYED DEVELOPMENT | K30: 15.48 | M30: SS | N30: =MEDIAN(I26:I37) -> 1.4678532 | P30: =_xlfn.QUARTILE.INC($I26:$I37,1) -> 1.1838061 | Q30: =_xlfn.QUARTILE.INC($I26:$I37,2) -> 1.4678532 | R30: =_xlfn.QUARTILE.INC($I26:$I37,3) -> 2.998402 | S30: =_xlfn.QUARTILE.INC($I26:$I37,4) -> 6.1302083
A31: HbSS | B31: HbSS | C31: 28 | D31: 1.6756757 | E31: 2.7027027 | F31: 1.6129032 | G31: 2.1276596 | H31: =(F31)/(E31) -> 0.59677419 | I31: =(G31)/(F31) -> 1.3191489 | J31: (PARTIAL) ARREST/EXTREMELY DELAYED DEVELOPMENT | K31: 4.83
A32: HbSS | B32: HbSS | C32: 29 | D32: 1.4461538 | E32: 1.5384615 | F32: 2.1276596 | G32: 3.5714286 | H32: =(F32)/(E32) -> 1.3829787 | I32: =(G32)/(F32) -> 1.6785714 | J32: (PARTIAL) ARREST/EXTREMELY DELAYED DEVELOPMENT | K32: 10.79 | M32: LateStagesProp1 | N32: MEDIAN | O32: OUTLIER | P32: Q1 | Q32: Q2 | R32: Q3 | S32: Q4 | T32: OUTLIER
A33: HbSS | B33: HbSS | C33: 30 | D33: 1.7333333 | E33: 2.8571429 | F33: 1.6483516 | G33: 1.2820513 | H33: =(F33)/(E33) -> 0.57692308 | I33: =(G33)/(F33) -> 0.77777778 | J33: (PARTIAL) ARREST/EXTREMELY DELAYED DEVELOPMENT | K33: 5.16 | M33: AA | N33: =MEDIAN(E4:E14) -> 45.16129 | P33: =_xlfn.QUARTILE.INC($E4:$E13,1) -> 41.396104 | Q33: =_xlfn.QUARTILE.INC($E4:$E13,2) -> 45.95021 | R33: =_xlfn.QUARTILE.INC($E4:$E13,3) -> 52.106742 | S33: =_xlfn.QUARTILE.INC($E4:$E13,4) -> 70.408163
A34: HbSS | B34: HbSS | C34: 31 | D34: 2.1290323 | E34: 20.967742 | F34: 6.0606061 | G34: 9.4117647 | H34: =(F34)/(E34) -> 0.28904429 | I34: =(G34)/(F34) -> 1.5529412 | J34: (PARTIAL) ARREST/EXTREMELY DELAYED DEVELOPMENT | K34: 9.81 | M34: AC | N34: =MEDIAN(E15:E19) -> 57.692308 | P34: =_xlfn.QUARTILE.INC($E15:$E19,1) -> 51.428571 | Q34: =_xlfn.QUARTILE.INC($E15:$E19,2) -> 57.692308 | R34: =_xlfn.QUARTILE.INC($E15:$E19,3) -> 60.669456 | S34: =_xlfn.QUARTILE.INC($E15:$E19,4) -> 61.658031
A35: HbSS | B35: HbSS | C35: 32 | D35: 2.3684211 | E35: 3.1578947 | F35: 1.3333333 | G35: 0.76335878 | H35: =(F35)/(E35) -> 0.42222222 | I35: =(G35)/(F35) -> 0.57251908 | J35: (PARTIAL) ARREST/EXTREMELY DELAYED DEVELOPMENT | K35: 7.57 | M35: AS | N35: =MEDIAN(E20:E23) -> 25.761905 | P35: =_xlfn.QUARTILE.INC($E20:$E23,1) -> 16.235772 | Q35: =_xlfn.QUARTILE.INC($E20:$E23,2) -> 25.761905 | R35: =_xlfn.QUARTILE.INC($E20:$E23,3) -> 34.683841 | S35: =_xlfn.QUARTILE.INC($E20:$E23,4) -> 40.163934
A36: HbSS | B36: HbSS | C36: 33 | D36: 3.0204082 | E36: 14.965986 | F36: 4.2792793 | G36: 5.7093426 | H36: =(F36)/(E36) -> 0.28593366 | I36: =(G36)/(F36) -> 1.3341832 | J36: (PARTIAL) ARREST/EXTREMELY DELAYED DEVELOPMENT | K36: 9.82 | M36: SC | N36: =MEDIAN(D24:D25) -> 1.1836524 | P36: =_xlfn.QUARTILE.INC($E24:$E25,1) -> 4.7241728 | Q36: =_xlfn.QUARTILE.INC($E24:$E25,2) -> 7.678434 | R36: =_xlfn.QUARTILE.INC($E24:$E25,3) -> 10.632695 | S36: =_xlfn.QUARTILE.INC($E24:$E25,4) -> 13.586957
A37: HbSS | B37: HbSS | C37: 34 | D37: 2.8932039 | E37: 19.417476 | F37: 8.0536913 | G37: 11.136364 | H37: =(F37)/(E37) -> 0.4147651 | I37: =(G37)/(F37) -> 1.3827652 | J37: (PARTIAL) ARREST/EXTREMELY DELAYED DEVELOPMENT | K37: 6.16 | M37: SS | N37: =MEDIAN(D26:D37) -> 2.2650929 | P37: =_xlfn.QUARTILE.INC($E26:$E37,1) -> 3.0827068 | Q37: =_xlfn.QUARTILE.INC($E26:$E37,2) -> 8.7059116 | R37: =_xlfn.QUARTILE.INC($E26:$E37,3) -> 19.710166 | S37: =_xlfn.QUARTILE.INC($E26:$E37,4) -> 28.813559
M38: LateStagesProp2 | N38: MEDIAN | O38: OUTLIER | P38: Q1 | Q38: Q2 | R38: Q3 | S38: Q4 | T38: OUTLIER
C39: * | D39: Fold change 1: from late stages proportion at ~35-40 hpi (Generation 0) to ~25-30 hpi (Generation 1) | M39: AA | N39: =MEDIAN(F4:F14) -> 5.0890585 | P39: =_xlfn.QUARTILE.INC($F4:$F13,1) -> 2.7854997 | Q39: =_xlfn.QUARTILE.INC($F4:$F13,2) -> 5.1915881 | R39: =_xlfn.QUARTILE.INC($F4:$F13,3) -> 6.4733688 | S39: =_xlfn.QUARTILE.INC($F4:$F13,4) -> 10.046729
C40: £ | D40: Fold change 2: : from late stages proportion at ~25-30 hpi (Generation 1) to ~35-40 hpi (Generation 1) | M40: AC | N40: =MEDIAN(F15:F19) -> 4.2918455 | P40: =_xlfn.QUARTILE.INC($F15:$F19,1) -> 3.7914692 | Q40: =_xlfn.QUARTILE.INC($F15:$F19,2) -> 4.2918455 | R40: =_xlfn.QUARTILE.INC($F15:$F19,3) -> 4.5783133 | S40: =_xlfn.QUARTILE.INC($F15:$F19,4) -> 12.443439
M41: AS | N41: =MEDIAN(F20:F23) -> 3.4630322 | P41: =_xlfn.QUARTILE.INC($F20:$F23,1) -> 1.636832 | Q41: =_xlfn.QUARTILE.INC($F20:$F23,2) -> 3.4630322 | R41: =_xlfn.QUARTILE.INC($F20:$F23,3) -> 5.3944001 | S41: =_xlfn.QUARTILE.INC($F20:$F23,4) -> 5.9130435
D42: PARASITE DEVELOPMENT CLASSIFICATION | M42: SC | N42: =MEDIAN(F24:F25) -> 3.7323037 | P42: =_xlfn.QUARTILE.INC($F24:$F25,1) -> 3.2175032 | Q42: =_xlfn.QUARTILE.INC($F24:$F25,2) -> 3.7323037 | R42: =_xlfn.QUARTILE.INC($F24:$F25,3) -> 4.2471042 | S42: =_xlfn.QUARTILE.INC($F24:$F25,4) -> 4.7619048
D43: (2) CALCULATION OF PERCENTAGES IN EACH DEVELOPMENTAL CLASSIFICATION | M43: SS | N43: =MEDIAN(F26:F37) -> 2.7304965 | P43: =_xlfn.QUARTILE.INC($F26:$F37,1) -> 1.769554 | Q43: =_xlfn.QUARTILE.INC($F26:$F37,2) -> 2.7304965 | R43: =_xlfn.QUARTILE.INC($F26:$F37,3) -> 4.9714286 | S43: =_xlfn.QUARTILE.INC($F26:$F37,4) -> 8.0536913
E44: Total n | F44: n EXPECTED DEVELOPMENT | G44: n DELAYED DEVELOPMENT | H44: n PARTIAL ARREST/EXTREMELY DELAYED DEVELOPMENT | I44: % EXPECTED DEVELOPMENT | J44: % DELAYED DEVELOPMENT | K44: % PARTIAL ARREST/EXTREMELY DELAYED DEVELOPMENT | M44: LateStagesProp3 | N44: MEDIAN | O44: OUTLIER | P44: Q1 | Q44: Q2 | R44: Q3 | S44: Q4 | T44: OUTLIER
D45: AA | E45: =COUNTA(A4:A14) -> 11 | F45: =COUNTA(F4:F14) -> 11 | G45: 0 | H45: 0 | I45: =(F45)/($E$45)*100 -> 100 | J45: =(G45)/($E$45)*100 -> 0 | K45: =(H45)/($E$45)*100 -> 0 | M45: AA | N45: =MEDIAN(G4:G14) -> 20.924574 | P45: =_xlfn.QUARTILE.INC($G4:$G13,1) -> 15.45151 | Q45: =_xlfn.QUARTILE.INC($G4:$G13,2) -> 22.110385 | R45: =_xlfn.QUARTILE.INC($G4:$G13,3) -> 31.49492 | S45: =_xlfn.QUARTILE.INC($G4:$G13,4) -> 35.680751
D46: AC | E46: =COUNTA(A15:A19) -> 5 | F46: =COUNTA(F16,F19) -> 2 | G46: =COUNTA(F15,F17:F18) -> 3 | H46: 0 | I46: =(F46)/($E$46)*100 -> 40 | J46: =(G46)/($E$46)*100 -> 60 | K46: =(H46)/($E$46)*100 -> 0 | M46: AC | N46: =MEDIAN(G15:G19) -> 27.493917 | P46: =_xlfn.QUARTILE.INC($G15:$G19,1) -> 13.947368 | Q46: =_xlfn.QUARTILE.INC($G15:$G19,2) -> 27.493917 | R46: =_xlfn.QUARTILE.INC($G15:$G19,3) -> 28.328612 | S46: =_xlfn.QUARTILE.INC($G15:$G19,4) -> 31.830986
D47: AS | E47: =COUNTA(A20:A23) -> 4 | F47: =COUNTA(F20:F21) -> 2 | G47: =COUNTA(F22) -> 1 | H47: =COUNTA(F23) -> 1 | I47: =(F47)/($E$47)*100 -> 50 | J47: =(G47)/($E$47)*100 -> 25 | K47: =(H47)/($E$47)*100 -> 25 | M47: AS | N47: =MEDIAN(G20:G23) -> 9.8327976 | P47: =_xlfn.QUARTILE.INC($G20:$G23,1) -> 4.674037 | Q47: =_xlfn.QUARTILE.INC($G20:$G23,2) -> 9.8327976 | R47: =_xlfn.QUARTILE.INC($G20:$G23,3) -> 14.869389 | S47: =_xlfn.QUARTILE.INC($G20:$G23,4) -> 15.904936
D48: SS | E48: =COUNTA(A26:A37) -> 12 | F48: 0 | G48: =COUNTA(F26:F29) -> 4 | H48: =COUNTA(F30:F37) -> 8 | I48: =(F48)/($E$48)*100 -> 0 | J48: =(G48)/($E$48)*100 -> 33.333333 | K48: =(H48)/($E$48)*100 -> 66.666667 | M48: SC | N48: =MEDIAN(G24:G25) -> 6.9612304 | P48: =_xlfn.QUARTILE.INC($G24:$G25,1) -> 5.8170638 | Q48: =_xlfn.QUARTILE.INC($G24:$G25,2) -> 6.9612304 | R48: =_xlfn.QUARTILE.INC($G24:$G25,3) -> 8.1053971 | S48: =_xlfn.QUARTILE.INC($G24:$G25,4) -> 9.2495637
D49: SC | E49: =COUNTA(A24:A25) -> 2 | F49: 0 | G49: =COUNTA(F25) -> 1 | H49: =COUNTA(F24) -> 1 | I49: =(F49)/($E$49)*100 -> 0 | J49: =(G49)/($E$49)*100 -> 50 | K49: =(H49)/($E$49)*100 -> 50 | M49: SS | N49: =MEDIAN(G26:G37) -> 7.5605536 | P49: =_xlfn.QUARTILE.INC($G26:$G37,1) -> 2.0932571 | Q49: =_xlfn.QUARTILE.INC($G26:$G37,2) -> 7.5605536 | R49: =_xlfn.QUARTILE.INC($G26:$G37,3) -> 11.216856 | S49: =_xlfn.QUARTILE.INC($G26:$G37,4) -> 16.40625
M51: PMR | N51: MEDIAN | O51: OUTLIER | P51: Q1 | Q51: Q2 | R51: Q3 | S51: Q4 | T51: OUTLIER
M52: AA | N52: =MEDIAN(D4:D14) -> 3.1703704 | P52: =_xlfn.QUARTILE.INC($D4:$D14,1) -> 2.8999829 | Q52: =_xlfn.QUARTILE.INC($D4:$D14,2) -> 3.1703704 | R52: =_xlfn.QUARTILE.INC($D4:$D14,3) -> 4.5225049 | S52: =_xlfn.QUARTILE.INC($D4:$D14,4) -> 4.6612903
M53: AC | N53: =MEDIAN(D15:D19) -> 2.2901554 | P53: =_xlfn.QUARTILE.INC($D15:$D19,1) -> 1.9951923 | Q53: =_xlfn.QUARTILE.INC($D15:$D19,2) -> 2.2901554 | R53: =_xlfn.QUARTILE.INC($D15:$D19,3) -> 3.2477876 | S53: =_xlfn.QUARTILE.INC($D15:$D19,4) -> 3.3285714
M54: AS | N54: =MEDIAN(D20:D23) -> 2.4684153 | P54: =_xlfn.QUARTILE.INC($D20:$D23,1) -> 2.3270732 | Q54: =_xlfn.QUARTILE.INC($D20:$D23,2) -> 2.4684153 | R54: =_xlfn.QUARTILE.INC($D20:$D23,3) -> 2.6271468 | S54: =_xlfn.QUARTILE.INC($D20:$D23,4) -> 2.7380952
M55: SC | N55: =MEDIAN(D24:D25) -> 1.1836524 | P55: =_xlfn.QUARTILE.INC($D24:$D25,1) -> 0.87058725 | Q55: =_xlfn.QUARTILE.INC($D24:$D25,2) -> 1.1836524 | R55: =_xlfn.QUARTILE.INC($D24:$D25,3) -> 1.4967175 | S55: =_xlfn.QUARTILE.INC($D24:$D25,4) -> 1.8097826
M56: SS | N56: =MEDIAN(D26:D37) -> 2.2650929 | P56: =_xlfn.QUARTILE.INC($D26:$D37,1) -> 2.0223164 | Q56: =_xlfn.QUARTILE.INC($D26:$D37,2) -> 2.2650929 | R56: =_xlfn.QUARTILE.INC($D26:$D37,3) -> 3.0759122 | S56: =_xlfn.QUARTILE.INC($D26:$D37,4) -> 3.6229508

Sheet ivSCAs - Data dictionary
A1: SPREADSHEET NAME | B1: ITEM_NAME | C1: DESCRIPTION_LABEL | D1: RESPONSE_LABEL | E1: RESPONSE_OPTIONS_TEXT | F1: DATA_TYPE | G1: Rstudio
A2: "ivSCAs" + "ivSCAs - LM staging data" | B2: ID | C2: Sample number | D2: ID | F2: Character String (ST)
B3: Group | C3: Genotype group and specified control (CTRL) sample | D3: Sample group | E3: AA CTRL, AA, AC, AS, SS or SC | F3: Categorical (CAT) | G3: FACTOR
B4: Sample type | C4: Blood sample used as a control (in fresh or cryo) or as a test sample | D4: Blood sample type | E4: CONTROL FRESH; CONTROL CRYO OR TEST | F4: Categorical (CAT) | G4: FACTOR
B5: Experiment number | C5: Number of succesful experiments in which sample ID was included | D5: Experiment | E5: Exp3_Repeat,Exp4, Exp5, Exp6 | F5: Categorical (CAT) | G5: FACTOR
B6: Date start experiment | C6: Date in which the experiment has started at the day of percoll-sorbitol synchronization (Generation -1) | D6: Date start experiment | F6: Temporal (Ordinal) | G6: DATE
B7: HBB Genotype | C7: Hemoglobin beta (HBB) genotype | D7: HBB Genotype | E7: HbAA = 0; HbAC = 1; HbAS = 2; HbSS = 3; HbSC = 4 | F7: Categorical (CAT) | G7: FACTOR
B8: Bloodgroup | C8: Bloodgroup ABO | D8: Codified variable | E8: Codified variable | F8: Categorical (CAT) | G8: FACTOR
B9: Reticulocytes | C9: Reticulocytes % at day 3 after thawing blood from cryo. | D9: Reticulocytes | F9: Continuous (CONT) | G9: NUMERICAL
B10: Gender | C10: Gender | D10: Codified variable | E10: Codified variable | F10: Categorical (CAT) | G10: FACTOR
B11: CollectionSite | C11: What is the collection site of the plasma samples? | D11: Site of sample collection | E11: CRUN = 0; UZA = 1; ITM = 2 | F11: Categorical (CAT) | G11: FACTOR
B12: Symptomatic | C12: Did the participant have symptoms at the time of sample collection? | D12: Codified variable | E12: Codified variable | F12: Categorical (CAT) | G12: FACTOR
B13: Number RBC events_CHOLINE_Gen0_35to40hpi | C13: Number of red blood cell (RBC) events counted by Flow Cytometry in non-inducing conditions (+choline), at Generation 0, 35-40hpi | D13: Number RBC events_CHOLINE_Gen0_35to40hpi | F13: Continuous (CONT) | G13: NUMERICAL
B14: Sample volume_CHOLINE_Gen0_35to40hpi | C14: Sample volume in µL measured by Flow Cytometry in non-inducing conditions (+choline), at Generation 0, 35-40hpi | D14: Sample volume_CHOLINE_Gen0_35to40hpi | F14: Continuous (CONT) | G14: NUMERICAL
B15: RBCs_per_µL_CHOLINE _Gen0_35to40hpi | C15: Number of red blood cells per µL of sample counted by Flow Cytometry in non-inducing conditions (+choline), at Generation 0, 35-40hpi | D15: RBCs_per_µL_CHOLINE _Gen0_35to40hpi | F15: Continuous (CONT) | G15: NUMERICAL
B16: Number RBC events_CHOLINE_Gen1_25to30hpi | C16: Number of red blood cell (RBC) events counted by Flow Cytometry in non-inducing conditions (+choline), at Generation 1, 25-30hpi | D16: Number RBC events_CHOLINE_Gen1_25to30hpi | F16: Continuous (CONT) | G16: NUMERICAL
B17: Sample volume_CHOLINE_Gen1_25to30hpi | C17: Sample volume in µL measured by Flow Cytometry in non-inducing conditions (+choline), at Generation 1, 25-30hpi | D17: Sample volume_CHOLINE_Gen1_25to30hpi | F17: Continuous (CONT) | G17: NUMERICAL
B18: RBCs_per_µl_CHOLINE_Gen1_25to30hpi | C18: Number of red blood cells per µL of sample counted by Flow Cytometry in non-inducing conditions (+choline), at Generation 1, 25-30hpi | D18: RBCs_per_µl_CHOLINE_Gen1_25to30hpi | F18: Continuous (CONT) | G18: NUMERICAL
B19: Number RBC events_CHOLINE_Gen1_35to40hpi | C19: Number of red blood cell (RBC) events counted by Flow Cytometry in non-inducing conditions (+choline), at Generation 1, 35-40hpi | D19: Number RBC events_CHOLINE_Gen1_35to40hpi | F19: Continuous (CONT) | G19: NUMERICAL
B20: Sample volume_CHOLINE_Gen1_35to40hpi | C20: Sample volume in µL measured by Flow Cytometry in non-inducing conditions (+choline), at Generation 1, 35-40hpi | D20: Sample volume_CHOLINE_Gen1_35to40hpi | F20: Continuous (CONT) | G20: NUMERICAL
B21: RBCs_per_µL_CHOLINE _Gen1_35to40hpi | C21: Number of red blood cells per µL of sample counted by Flow Cytometry in non-inducing conditions (+choline), at Generation 1, 35-40hpi | D21: RBCs_per_µL_CHOLINE _Gen1_35to40hpi | F21: Continuous (CONT) | G21: NUMERICAL
B22: PMR_CHOLINE_Gen0_1 | C22: Parasite multiplication rates from generation 0 (day 5) at 34-40hpi to generation 1 (day 7) at 35-401hpi; by Flow Cytometry | D22: PMR_Gen0_1 | F22: Continuous (CONT) | G22: NUMERICAL
B23: DNAcontent_CHOLINE_Gen0_35to40hpi | C23: DNA content in MFI (Mean Fluorescence Intensity) at day 5, 35-40hpi; by Flow Cytometry | D23: DNAcontent_Gen0_35to40hpi | F23: Continuous (CONT) | G23: NUMERICAL
B24: DNAcontent_CHOLINE_Gen1_35to40hpi | C24: DNA content in MFI (Mean Fluorescence Intensity) at day 7, 35-40hpi; by Flow Cytometry | D24: DNAcontent_Gen1_35to40hpi | F24: Continuous (CONT) | G24: NUMERICAL
... B34: iRBCs_CHOLINE_Gen1_35to40hpi | C34: % parasitemia at Generation 1, 35-40hpi; in non-inducing conditions (+Choline); by Flow Cytometry | D34: iRBCs_Gen1_35to40hpi | F34: Continuous (CONT) | G34: NUMERICAL
B35: Raw iRBC counts_CHOLINE_Gen1_35to40hpi | C35: Raw number of iRBCs counted based on 100,000 events and "iRBCs_CHOLINE_Gen1_35to40hpi"; in non-inducing conditions (+Choline); by Flow Cytometry
B36: Sexual_iRBCs_CHOLINE_Gen1_25to30hpi | C36: Proportion of sexual infected red blood cells at Generation 1, 25-30hpi; in non-inducing conditions (+Choline); by Flow Cytometry | D36: Sexual_iRBCs_CHOLINE_Gen1_25to30hpi | F36: Continuous (CONT) | G36: NUMERICAL
B37: Asexual_iRBCs_CHOLINE_Gen1_25to30hpi | C37: Proportion of asexual infected red blood cells at Generation 1, 25-30hpi; in non-inducing conditions (+Choline); by Flow Cytometry | D37: Asexual_iRBCs_CHOLINE_Gen1_25to30hpi | F37: Continuous (CONT) | G37: NUMERICAL
B38: Sexual_iRBCs_CHOLINE_Gen1_35to40hpi | C38: Proportion of sexual infected red blood cells at Generation 1, 35-40hpi; in non-inducing conditions (+Choline); by Flow Cytometry | D38: Sexual_iRBCs_CHOLINE_Gen1_35to40hpi | F38: Continuous (CONT) | G38: NUMERICAL
B39: Asexual_iRBCs_CHOLINE_Gen1_35to40hpi | C39: Proportion of asexual infected red blood cells at Generation 1, 35-40hpi; in non-inducing conditions (+Choline); by Flow Cytometry | D39: Asexual_iRBCs_CHOLINE_Gen1_35to40hpi | F39: Continuous (CONT) | G39: NUMERICAL
B40: Raw Sexual iRBCs counts_CHOLINE_Gen1_35to40hpi | C40: Raw number of sexual iRBCs counted based on "Raw iRBC counts_CHOLINE_Gen1_35to40hpi"; in non-inducing conditions (+Choline); by Flow Cytometry
B41: Raw Asexual iRBCs counts_CHOLINE_Gen1_35to40hpi | C41: Raw number of asexual iRBCs counted based on "Raw iRBC counts_CHOLINE_Gen1_35to40hpi"; in non-inducing conditions (+Choline); by Flow Cytometry
B42: SCR_CHOLINE_Gen1_25to30hpi | C42: Sxual conversion rates (proportion of sexual parasites on the total infected red blood cells) from +Choline cultures at Generation 1, 25-30hpi; by Flow Cytometry | D42: SCR_CHOLINE_Gen1_25to30hpi | F42: Continuous (CONT) | G42: NUMERICAL
B43: SCR_CHOLINE_Gen1_35to40hpi | C43: Sexual conversion rates (proportion of sexual parasites on the total infected red blood cells) from +Choline cultures at Generation 1, 35-40hpi; by Flow Cytometry | D43: SCR_CHOLINE_Gen1_35to40hpi | F43: Continuous (CONT) | G43: NUMERICAL
B44: Median SCR_HbAA | C44: Median of SCR in all HbAA "TEST" samples | D44: Median SCR_HbAA CTRL FRESH | F44: Continuous (CONT) | G44: NUMERICAL
B45: FC_SCR_CHOLINE_Gen1_35to40hpi | C45: Fold-change of AC, AS, SC and SS "TEST" samples, relative to "Median SCR" in all HbAA "TEST" samples | D45: FC_SCR_CHOLINE_Gen1_35to40hpi | F45: Continuous (CONT) | G45: NUMERICAL
B46: iRBCs_NO_CHOLINE_Gen0_35to40hpi | C46: % parasitemia at Generation 0, 35-40hpi in inducing conditions (-Choline); by Flow Cytometry | D46: iRBCs_Gen0_35to40hpi | F46: Continuous (CONT) | G46: NUMERICAL
B47: iRBCs_NO_CHOLINE_Gen1_25to30hpi | C47: % parasitemia at Generation 1, 25-30hpi in inducing conditions (-Choline); by Flow Cytometry | D47: iRBCs_Gen1_25to30hpi | F47: Continuous (CONT) | G47: NUMERICAL
B48: iRBCs_NO_CHOLINE_Gen1_35to40hpi | C48: % parasitemia at Generation 1, 35-40hpi in inducing conditions (-Choline); by Flow Cytometry | D48: iRBCs_Gen1_35to40hpi | F48: Continuous (CONT) | G48: NUMERICAL
B49: Sexual_iRBCs_NOCHOLINE_Gen1_25to30hpi | C49: Proportion of sexual infected red blood cells at Generation 1, 25-30hpi; in inducing conditions (-Choline); by Flow Cytometry | D49: Sexual_iRBCs_NoCHOLINE_Gen1_25to30hpi | F49: Continuous (CONT) | G49: NUMERICAL
B50: Asexual_iRBCs_NO_CHOLINE_Gen1_25to30hpi | C50: Proportion of asexual infected red blood cells at Generation 1, 25-30hpi; in non-inducing conditions (-Choline); by Flow Cytometry | D50: Asexual_iRBCs_NO_CHOLINE_Gen1_25to30hpi | F50: Continuous (CONT) | G50: NUMERICAL
B51: Sexual_iRBCs_NO_CHOLINE_Gen1_35to40hpi | C51: Proportion of sexual infected red blood cells at Generation 1, 35-40hpi; in non-inducing conditions (-Choline); by Flow Cytometry | D51: Sexual_iRBCs_NO_CHOLINE_Gen1_35to40hpi | F51: Continuous (CONT) | G51: NUMERICAL
B52: Asexual_iRBCs_NO_CHOLINE_Gen1_35to40hpi | C52: Proportion of asexual infected red blood cells at Generation 1, 35-40hpi; in non-inducing conditions (-Choline); by Flow Cytometry | D52: Asexual_iRBCs_NO_CHOLINE_Gen1_35to40hpi | F52: Continuous (CONT) | G52: NUMERICAL
B53: SCR_NO_CHOLINE_Gen1_25to30hpi | C53: sexual conversion rates (proportion of sexual parasites on the total infected red blood cells) from -Choline cultures at Generation 1, 25-30hpi; by Flow Cytometry | D53: SCR_NO_CHOLINE_Gen1_25to30hpi | F53: Continuous (CONT) | G53: NUMERICAL
... B101: Raw counts_Retics_total RBCs | C101: Raw counts of total RBCs counted by Light Microscopy with Methylene Blue staining; to calculate reticulocyes proportion = (Raw counts Reticulocytes/Raw counts total RBCs)*100 | D101: Raw counts_Retics_total RBCs | F101: Continuous (CONT) | G101: NUMERICAL
A102: "ivSCAs-DelayAge_35-40hpi_G0" + "ivSCAs-DelayAge_35-40hpi_G1" | B102: Stage proportion% | C102: Measured parasite stages proportion in percentage at ~35-40 hpi (Generation 0 = Gen0 = G0) and ~35-40 hpi (Generation 1 = Gen1 = G1) | D102: Stage proportion% | F102: Continuous (CONT) | G102: NUMERICAL
B103: Age | C103: Calculated age of the parasite stages based on the expected age (in hpi, hours post invasion) per stage multiplied by the observed "Stage proportion%" | D103: Age | F103: Continuous (CONT) | G103: NUMERICAL
B104: Mean AGE | C104: Calculated as a weighted average by multiplying the expected age (in hpi, hours post invasion) of each parasite stage (rings, trophozoites, schizonts) by their observed "Stage proportion%", summing the outcome, and dividing by the expected total stage proportions. | D104: Mean AGE | F104: Continuous (CONT) | G104: NUMERICAL
B105: meanHPI DELAY | C105: Genotype-specific delay, calculated by subtracting the "Mean age" observed in wild-type HbAA RBCs from that of each mutant genotype (HbAC, HbAS, HbSS and HbSC). | D105: meanHPI DELAY | F105: Continuous (CONT) | G105: NUMERICAL
B106: Hours of delay* | C106: “Developmental delay (in hours)” determined by subtracting the calculated “mean parasite age” from the expected life cycle duration of the NF54-gexp02-TdTom line (~44 hpi). | D106: Hours of delay* | F106: Continuous (CONT) | G106: NUMERICAL
B107: Hours of delay$ | C107: “Developmental delay (in hours)” determined by substracting the "Mean Age" at Generation 1 from Generation 0 | D107: Hours of delay$ | F107: Continuous (CONT) | G107: NUMERICAL
B108: shift% | C108: Parasite stage-specific shifts (in %), quantified by comparing the proportions of each parasite stage ("Stage proportion%") in mutant RBCs to those in HbAA. Here, for all sub-divisions per general parasite stage group (e.g., Rings is sub-divided in tiny, small and large rings). | D108: shift% | F108: Continuous (CONT) | G108: NUMERICAL
B109: Total shift % per stage (general)* | C109: Parasite stage-specific shifts (in %), quantified by comparing the proportions of each parasite stage ("Stage proportion%") in mutant RBCs to those in HbAA. Here,just for each general parasite stage group (Rings, Trophozoites and Schizonts). | D109: Total shift % per stage (general)* | F109: Continuous (CONT) | G109: NUMERICAL

Sheet Ig detection
B1: Patient data --> | N1: Flow Cytometry Data --> | AM1: Flow Cytometry Data --> GLMM analysis (proportion on counts); IgG+ and IgM+ RBCs/iRBCs --> | AU1: IgG- and IgM- RBCs/iRBCs-->
A2: ID | B2: HBB Genotype | C2: Sample_type | D2: Age_group | E2: Gender | F2: Village | G2: CollectionSite | H2: Pf_infection | I2: Gametocytes_µL | J2: Gametocytes_µL_group | K2: Parasites_µL | L2: Parasites_µl_group | M2: ParasiteDensity_% | N2: Date Flow cytometry experiment | O2: iRBCs_IgG_PercentageCells | P2: iRBCs_IgG_MFI | Q2: iRBCs_IgG_Events | R2: Sexual iRBCs_IgG_PercentageCells | S2: Sexual iRBCs_IgG_MFI | T2: Sexual iRBCs_IgG_Events | U2: Asexual iRBCs_IgG_PercentageCells | V2: Asexual iRBCs_IgG_MFI | W2: Asexual iRBCs_IgG_Events | X2: iRBCs_IgM_PercentageCells | Y2: iRBCs_IgM_MFI | Z2: iRBCs_IgM_Events | AA2: Sexual iRBCs_IgM_PercentageCells | AB2: Sexual iRBCs_IgM_MFI | AC2: Sexual iRBCs_IgM_Events | AD2: Asexual iRBCs_IgM_PercentageCells | AE2: Asexual iRBCs_IgM_MFI | AF2: Asexual iRBCs_IgM_Events | AG2: iRBCs_Ratio_IgM-IgG_MFI | AH2: iRBCs_Ratio_IgM-IgG_PercentageCells | AI2: Sexual iRBCs_Ratio_IgM-IgG_MFI | AJ2: Sexual iRBCs_Ratio_IgM-IgG_PercentageCells | AK2: Asexual iRBCs_Ratio_IgM-IgG_MFI | AL2: Asexual iRBCs_Ratio_IgM-IgG_PercentageCells | AM2: Raw IgG+ RBC counts_IgG plate | AN2: Raw IgG+ iRBC counts | AO2: Raw IgG+ Asexual iRBC counts | AP2: Raw IgG+ Sexual iRBC counts | AQ2: Raw IgM+ RBC counts_IgM plate | AR2: Raw IgM+ iRBC counts | AS2: Raw IgM+ Asexual iRBC counts | AT2: Raw IgM+ Sexual iRBC counts | AU2: Raw IgG- iRBC counts | AV2: Raw IgG- Asexual iRBC counts | AW2: Raw IgG- Sexual iRBC counts | AX2: Raw IgM- iRBC counts | AY2: Raw IgM- Asexual iRBC counts | AZ2: Raw IgM- Sexual iRBC counts
A3: 1 | B3: 0 | C3: HbAA | D3: 1 | E3: 1 | F3: 1 | G3: 0 | H3: 1 | I3: 0 | J3: 0 | K3: 4407 | L3: 1 | N3: 45484 | O3: 16.96 | P3: -315.39 | Q3: 894 | R3: 2.21 | S3: 18386.96 | T3: 43 | U3: 19.03 | V3: 235.95 | W3: 628 | X3: 2.45 | Y3: 410.17 | Z3: 99 | AA3: 0.06 | AB3: 12753.57 | AC3: 1 | AD3: 3.93 | AE3: 292.31 | AF3: 95 | AG3: -1.3005168 | AH3: 0.01179941 | AI3: 0.69362037 | AJ3: -0.035087719 | AK3: 1.2388642 | AL3: 0.20777118 | AM3: 1336 | AN3: 894 | AO3: 628 | AP3: 43 | AQ3: 182 | AR3: 99 | AS3: 95 | AT3: 1 | AU3: 4322 | AV3: 2647 | AW3: 1904 | AX3: 3353 | AY3: 3280 | AZ3: 1943
A4: 2 | B4: 0 | C4: HbAA | D4: 1 | E4: 1 | F4: 1 | G4: 0 | H4: 1 | I4: 0 | J4: 0 | K4: 26932 | L4: 1 | N4: 45484 | O4: 21.87 | P4: 6158.64 | Q4: 1064 | R4: 2.73 | S4: 9260.24 | T4: 55 | U4: 30.97 | V4: 6523.88 | W4: 876 | X4: 6.75 | Y4: 63.77 | Z4: 257 | AA4: 0.07 | AB4: 15883.75 | AC4: 1 | AD4: 10.33 | AE4: -243.95 | AF4: 252 | AG4: 0.010354559 | AH4: 0.019213175 | AI4: 1.7152633 | AJ4: -0.14173228 | AK4: -0.037393392 | AL4: 0.34733988 | AM4: 2517 | AN4: 1064 | AO4: 876 | AP4: 55 | AQ4: 385 | AR4: 257 | AS4: 252 | AT4: 1 | AU4: 3766 | AV4: 1935 | AW4: 1961 | AX4: 2838 | AY4: 2811 | AZ4: 2016
A5: 3 | B5: 0 | C5: HbAA | D5: 2 | E5: 0 | F5: 1 | G5: 0 | H5: 1 | I5: 0 | J5: 0 | K5: 1008 | L5: 1 | N5: 45484 | O5: 20.11 | P5: 1515.78 | Q5: 1006 | R5: 2.35 | S5: 6465.43 | T5: 47 | U5: 26.2 | V5: 2667.71 | W5: 780 | X5: 4.62 | Y5: 809.16 | Z5: 176 | AA5: 0.37 | AB5: 13345.56 | AC5: 5 | AD5: 6.77 | AE5: 263.92 | AF5: 166 | AG5: 0.53382417 | AH5: 0.019900498 | AI5: 2.0641411 | AJ5: 0.087248322 | AK5: 0.098931293 | AL5: 0.26400947 | AM5: 1867 | AN5: 1006 | AO5: 780 | AP5: 47 | AQ5: 365 | AR5: 176 | AS5: 166 | AT5: 5 | AU5: 3963 | AV5: 2178 | AW5: 1954 | AX5: 3027 | AY5: 2948 | AZ5: 2002
A6: 4 | B6: 0 | C6: HbAA | D6: 1 | E6: 0 | F6: 1 | G6: 0 | H6: 1 | I6: 1071 | J6: 1 | K6: 11077 | L6: 1 | N6: 45484 | O6: 22.28 | P6: 3819.7 | Q6: 1144 | R6: 3.16 | S6: 9176.78 | T6: 60 | U6: 28.88 | V6: 3702.24 | W6: 929 | X6: 5.84 | Y6: 88.3 | Z6: 223 | AA6: 0.14 | AB6: 9001.66 | AC6: 2 | AD6: 9.2 | AE6: -362.12 | AF6: 220 | AG6: 0.023116999 | AH6: 0.021104625 | AI6: 0.98091705 | AJ6: -0.073170732 | AK6: -0.097811055 | AL6: 0.32841196 | AM6: 2286 | AN6: 1144 | AO6: 929 | AP6: 60 | AQ6: 428 | AR6: 223 | AS6: 220 | AT6: 2 | AU6: 3958 | AV6: 2270 | AW6: 1841 | AX6: 3226 | AY6: 3196 | AZ6: 1898
A7: 5 | B7: 0 | C7: HbAA | D7: 1 | E7: 1 | F7: 1 | G7: 0 | H7: 0 | I7: 0 | J7: 0 | K7: 0 | L7: 0 | N7: 45484 | O7: 15.43 | P7: 901.12 | Q7: 793 | R7: 2.52 | S7: 12318.55 | T7: 49 | U7: 17.66 | V7: 1525.33 | W7: 559 | X7: 1.78 | Y7: -247.13 | Z7: 67 | AA7: 0 | AB7: -1778.05 | AC7: 0 | AD7: 2.82 | AE7: -345.81 | AF7: 67 | AG7: -0.2742476 | AH7: 0.0071335927 | AI7: -0.14433923 | AJ7: -0.031746032 | AK7: -0.2267116 | AL7: 0.16089254 | AM7: 1383 | AN7: 793 | AO7: 559 | AP7: 49 | AQ7: 96 | AR7: 67 | AS7: 67 | AT7: 0 | AU7: 4287 | AV7: 2580 | AW7: 1898 | AX7: 3188 | AY7: 3137 | AZ7: 1946
A8: 6 | B8: 0 | C8: HbAA | D8: 1 | E8: 1 | F8: 1 | G8: 0 | H8: 0 | I8: 0 | J8: 0 | K8: 0 | L8: 0 | N8: 45484 | O8: 5.14 | P8: -1375.71 | Q8: 264 | R8: 1.05 | S8: 3660.49 | T8: 21 | U8: 4.51 | V8: -627.26 | W8: 141 | X8: 3.54 | Y8: -167.75 | Z8: 134 | AA8: 0 | AB8: -1893.88 | AC8: 0 | AD8: 5.69 | AE8: -396.66 | AF8: 132 | AG8: 0.12193704 | AH8: 0.040935673 | AI8: -0.51738428 | AJ8: -0.14117647 | AK8: 0.63236935 | AL8: 1.3016241 | AM8: 416 | AN8: 264 | AO8: 141 | AP8: 21 | AQ8: 194 | AR8: 134 | AS8: 132 | AT8: 0 | AU8: 4837 | AV8: 2976 | AW8: 1976 | AX8: 3183 | AY8: 3111 | AZ8: 1996
A9: 7 | B9: 1 | C9: HbAC | D9: 2 | E9: 1 | F9: 1 | G9: 0 | H9: 1 | I9: 104 | J9: 1 | K9: 136 | L9: 1 | N9: 45484 | O9: 24 | P9: 3750.22 | Q9: 1241 | R9: 3.25 | S9: 8780.89 | T9: 64 | U9: 31.82 | V9: 3775.55 | W9: 1015 | X9: 4.98 | Y9: 617.76 | Z9: 204 | AA9: 0.5 | AB9: 7532.86 | AC9: 8 | AD9: 7.62 | AE9: 238.54 | AF9: 189 | AG9: 0.16472634 | AH9: 0.013755732 | AI9: 0.85786976 | AJ9: 0.19662921 | AK9: 0.063180199 | AL9: 0.24843493 | AM9: 2774 | AN9: 1241 | AO9: 1015 | AP9: 64 | AQ9: 301 | AR9: 204 | AS9: 189 | AT9: 8 | AU9: 3882 | AV9: 2158 | AW9: 1899 | AX9: 3186 | AY9: 3156 | AZ9: 1966
A10: 8 | B10: 1 | C10: HbAC | D10: 1 | E10: 1 | F10: 1 | G10: 0 | H10: 1 | I10: 0 | J10: 0 | K10: 72 | L10: 1 | N10: 45484 | O10: 25.43 | P10: 4297.68 | Q10: 1321 | R10: 3.97 | S10: 8643.59 | T10: 81 | U10: 33.16 | V10: 5330.56 | W10: 1037 | X10: 4 | Y10: 768.55 | Z10: 151 | AA10: 0 | AB10: -2086.17 | AC10: 0 | AD10: 6.06 | AE10: 373.02 | AF10: 148 | AG10: 0.17882904 | AH10: 0.014948859 | AI10: -0.24135458 | AJ10: -0.11594203 | AK10: 0.069977638 | AL10: 0.19129878 | AM10: 3195 | AN10: 1321 | AO10: 1037 | AP10: 81 | AQ10: 334 | AR10: 151 | AS10: 148 | AT10: 0 | AU10: 3822 | AV10: 2069 | AW10: 1959 | AX10: 3102 | AY10: 3098 | AZ10: 2040
A11: 9 | B11: 1 | C11: HbAC | D11: 2 | E11: 0 | F11: 1 | G11: 0 | H11: 1 | I11: 0 | J11: 0 | K11: 789 | L11: 1 | N11: 45484 | O11: 22.87 | P11: 9075.21 | Q11: 1152 | R11: 2.65 | S11: 2416.36 | T11: 51 | U11: 31.36 | V11: 9894.63 | W11: 968 | X11: 1.5 | Y11: 1204.77 | Z11: 61 | AA11: 0.3 | AB11: 3930.71 | AC11: 5 | AD11: 2.25 | AE11: 577.45 | AF11: 54 | AG11: 0.13275395 | AH11: 0.0061242345 | AI11: 1.6267071 | AJ11: 0.22680412 | AK11: 0.058359939 | AL11: 0.073113208 | AM11: 2849 | AN11: 1152 | AO11: 968 | AP11: 51 | AQ11: 127 | AR11: 61 | AS11: 54 | AT11: 5 | AU11: 3863 | AV11: 2110 | AW11: 1874 | AX11: 3123 | AY11: 3063 | AZ11: 1925
A12: 10 | B12: 1 | C12: HbAC | D12: 2 | E12: 1 | F12: 1 | G12: 0 | H12: 1 | I12: 0 | J12: 0 | K12: 912 | L12: 1 | N12: 45484 | O12: 26.16 | P12: 9816.3 | Q12: 1341 | R12: 3.53 | S12: 14990.6 | T12: 68 | U12: 32.42 | V12: 16180.31 | W12: 1032 | X12: 5.34 | Y12: 276.37 | Z12: 219 | AA12: 0.36 | AB12: 9043.99 | AC12: 5 | AD12: 7.76 | AE12: -129.08 | AF12: 210 | AG12: 0.028154193 | AH12: 0.014531549 | AI12: 0.60331074 | AJ12: 0.1372549 | AK12: -0.0079775975 | AL12: 0.25677031 | AM12: 4012 | AN12: 1341 | AO12: 1032 | AP12: 68 | AQ12: 347 | AR12: 219 | AS12: 210 | AT12: 5 | AU12: 3725 | AV12: 2128 | AW12: 1857 | AX12: 3120 | AY12: 3159 | AZ12: 1926
A13: 11 | B13: 1 | C13: HbAC | D13: 1 | E13: 0 | F13: 1 | G13: 0 | H13: 0 | I13: 0 | J13: 0 | K13: 0 | L13: 0 | N13: 45484 | O13: 23.69 | P13: 5418.79 | Q13: 1230 | R13: 3.51 | S13: 13399.41 | T13: 67 | U13: 29.44 | V13: 8592.13 | W13: 962 | X13: 2.02 | Y13: 237.65 | Z13: 77 | AA13: 0 | AB13: -1925.6 | AC13: 0 | AD13: 3.16 | AE13: -23.07 | AF13: 76 | AG13: 0.043856654 | AH13: 0.0088682432 | AI13: -0.14370782 | AJ13: -0.16470588 | AK13: -0.0026850152 | AL13: 0.1150112 | AM13: 3974 | AN13: 1230 | AO13: 962 | AP13: 67 | AQ13: 191 | AR13: 77 | AS13: 76 | AT13: 0 | AU13: 3897 | AV13: 2283 | AW13: 1841 | AX13: 3218 | AY13: 3246 | AZ13: 1909
A14: 12 | B14: 1 | C14: HbAC | D14: 1 | E14: 1 | F14: 1 | G14: 0 | H14: 0 | I14: 0 | J14: 0 | K14: 0 | L14: 0 | N14: 45484 | O14: 8.61 | P14: 96.95 | Q14: 453 | R14: 1.39 | S14: 1520.08 | T14: 28 | U14: 8.4 | V14: 1080.98 | W14: 271 | X14: 1.05 | Y14: 72.85 | Z14: 46 | AA14: 0 | AB14: -1789.17 | AC14: 0 | AD14: 1.64 | AE14: -36.95 | AF14: 46 | AG14: 0.75141826 | AH14: 0.012790698 | AI14: -1.1770236 | AJ14: -0.067961165 | AK14: -0.034181946 | AL14: 0.19402985 | AM14: 762 | AN14: 453 | AO14: 271 | AP14: 28 | AQ14: 102 | AR14: 46 | AS14: 46 | AT14: 0 | AU14: 4764 | AV14: 2942 | AW14: 1986 | AX14: 3246 | AY14: 3197 | AZ14: 2012
... A21: 19 | B21: 2 | C21: HbAS | D21: 1 | E21: 1 | F21: 1 | G21: 0 | H21: 0 | I21: 0 | J21: 0 | K21: 0 | L21: 0 | N21: 45484 | O21: 6.76 | P21: 1318.52 | Q21: 350 | R21: 1.02 | S21: 7337.83 | T21: 20 | U21: 7.51 | V21: 1862 | W21: 240 | X21: 1.4 | Y21: 470.5 | Z21: 55 | AA21: 0 | AB21: -1867.73 | AC21: 0 | AD21: 2.19 | AE21: 282.14 | AF21: 55 | AG21: 0.35683949 | AH21: 0.025185185 | AI21: -0.25453438 | AJ21: -0.1754386 | AK21: 0.15152524 | AL21: 0.29886686 | AM21: 804 | AN21: 350 | AO21: 240 | AP21: 20 | AQ21: 152 | AR21: 55 | AS21: 55 | AT21: 0 | AU21: 4800 | AV21: 2952 | AW21: 1942 | AX21: 3245 | AY21: 3175 | AZ21: 1961
A22: 20 | B22: 4 | C22: HbSC | D22: 1 | E22: 0 | F22: 2 | G22: 0 | H22: 1 | I22: 0 | J22: 0 | K22: 1235 | L22: 1 | N22: 45484 | O22: 10.46 | P22: -893.7 | Q22: 536 | R22: 1.37 | S22: 7193.08 | T22: 28 | U22: 11.27 | V22: -425.33 | W22: 346 | AG22: 0 | AH22: 0 | AI22: 0 | AJ22: 0 | AK22: 0 | AL22: 0 | AM22: 956 | AN22: 536 | AO22: 346 | AP22: 28 | AU22: 4550 | AV22: 2706 | AW22: 2009
A23: 21 | B23: 4 | C23: HbSC | D23: 1 | E23: 0 | F23: 1 | G23: 0 | H23: 0 | I23: 0 | J23: 0 | K23: 0 | L23: 0 | N23: 45484 | O23: 24.97 | P23: 5389.9 | Q23: 1305 | R23: 3.86 | S23: 8616.1 | T23: 75 | U23: 30.5 | V23: 7741.02 | W23: 995 | X23: 1.72 | Y23: 80.96 | Z23: 67 | AA23: 0 | AB23: -1782.77 | AC23: 0 | AD23: 2.69 | AE23: -43.9 | AF23: 66 | AG23: 0.015020687 | AH23: 0.0060096154 | AI23: -0.20691148 | AJ23: -0.049382716 | AK23: -0.0056710873 | AL23: 0.092356688 | AM23: 3621 | AN23: 1305 | AO23: 995 | AP23: 75 | AQ23: 133 | AR23: 67 | AS23: 66 | AT23: 0 | AU23: 3865 | AV23: 2238 | AW23: 1869 | AX23: 3230 | AY23: 3244 | AZ23: 1945
A24: 22 | B24: 3 | C24: HbCC | D24: 1 | E24: 0 | F24: 1 | G24: 0 | H24: 1 | I24: 0 | J24: 0 | K24: 3832 | L24: 1 | N24: 45484 | O24: 21.51 | P24: 4380.48 | Q24: 1108 | R24: 3.14 | S24: 7390.43 | T24: 62 | U24: 28.04 | V24: 6110.44 | W24: 887 | X24: 2.42 | Y24: -220.94 | Z24: 99 | AA24: 0 | AB24: -1802.93 | AC24: 0 | AD24: 3.89 | AE24: -360.42 | AF24: 97 | AG24: -0.050437395 | AH24: 0.0074418605 | AI24: -0.24395468 | AJ24: -0.060810811 | AK24: -0.058984296 | AL24: 0.1444276 | AM24: 2840 | AN24: 1108 | AO24: 887 | AP24: 62 | AQ24: 148 | AR24: 99 | AS24: 97 | AT24: 0 | AU24: 4008 | AV24: 2266 | AW24: 1910 | AX24: 3162 | AY24: 3144 | AZ24: 1975
A25: 23 | B25: 3 | C25: HbCC | D25: 1 | E25: 0 | F25: 1 | G25: 0 | H25: 0 | I25: 0 | J25: 0 | K25: 0 | L25: 0 | N25: 45484 | O25: 19.77 | P25: 1822.73 | Q25: 1037 | R25: 2.76 | S25: 7817.01 | T25: 55 | U25: 23.41 | V25: 3320.82 | W25: 757 | X25: 1.76 | Y25: -104.87 | Z25: 72 | AA25: 0.07 | AB25: 5125.1 | AC25: 1 | AD25: 2.63 | AE25: -267.71 | AF25: 69 | AG25: -0.057534577 | AH25: 0.0060728745 | AI25: 0.65563432 | AJ25: 0 | AK25: -0.080615631 | AL25: 0.11450382 | AM25: 2213 | AN25: 1037 | AO25: 757 | AP25: 55 | AQ25: 108 | AR25: 72 | AS25: 69 | AT25: 1 | AU25: 4167 | AV25: 2448 | AW25: 1936 | AX25: 3261 | AY25: 3211 | AZ25: 1991
A26: 24 | B26: 0 | C26: HbAA | D26: 2 | E26: 0 | F26: 2 | G26: 0 | H26: 1 | I26: 56 | J26: 1 | K26: 1120 | L26: 1 | N26: 45484 | O26: 10.37 | P26: -999.23 | Q26: 533 | R26: 1.31 | S26: 7737.17 | T26: 26 | U26: 9.94 | V26: 706.53 | W26: 312 | X26: 1.58 | Y26: 295.56 | Z26: 67 | AA26: 0.12 | AB26: 8546.23 | AC26: 2 | AD26: 2.45 | AE26: 70.44 | AF26: 64 | AG26: -0.29578776 | AH26: 0.012548263 | AI26: 1.1045679 | AJ26: 0.051546392 | AK26: 0.099698527 | AL26: 0.246875 | AM26: 821 | AN26: 533 | AO26: 312 | AP26: 26 | AQ26: 115 | AR26: 67 | AS26: 64 | AT26: 2 | AU26: 4561 | AV26: 2811 | AW26: 1950 | AX26: 3169 | AY26: 3102 | AZ26: 1976
A27: 25 | B27: 0 | C27: HbAA | D27: 1 | E27: 0 | F27: 2 | G27: 0 | H27: 1 | I27: 0 | J27: 0 | K27: 29594 | L27: 1 | N27: 45484 | O27: 13.69 | P27: -1137.55 | Q27: 696 | R27: 0.8 | S27: 4402.36 | T27: 17 | U27: 15.27 | V27: -795.57 | W27: 448 | X27: 1.89 | Y27: -107.51 | Z27: 67 | AA27: 0.08 | AB27: 4136.48 | AC27: 1 | AD27: 2.85 | AE27: -265.74 | AF27: 64 | AG27: 0.094510131 | AH27: 0.010233918 | AI27: 0.93960512 | AJ27: 0 | AK27: 0.33402466 | AL27: 0.18466667 | AM27: 913 | AN27: 696 | AO27: 448 | AP27: 17 | AQ27: 122 | AR27: 67 | AS27: 64 | AT27: 1 | AU27: 4345 | AV27: 2457 | AW27: 2110 | AX27: 2972 | AY27: 2902 | AZ27: 2127
A28: 26 | B28: 0 | C28: HbAA | D28: 2 | E28: 0 | F28: 4 | G28: 0 | H28: 1 | I28: 0 | J28: 0 | K28: 3081 | L28: 1 | N28: 45484 | O28: 22.87 | P28: 2542.64 | Q28: 1176 | R28: 2.74 | S28: 8066.95 | T28: 54 | U28: 27.77 | V28: 4690.24 | W28: 877 | AG28: 0 | AH28: 0 | AI28: 0 | AJ28: 0 | AK28: 0 | AL28: 0 | AM28: 3206 | AN28: 1176 | AO28: 877 | AP28: 54 | AU28: 3920 | AV28: 2258 | AW28: 1912
A29: 27 | B29: 0 | C29: HbAA | D29: 1 | E29: 0 | F29: 2 | G29: 0 | H29: 1 | I29: 0 | J29: 0 | K29: 1915 | L29: 0 | N29: 45484 | O29: 24.38 | P29: 8003.69 | Q29: 1242 | R29: 3.87 | S29: 12783.01 | T29: 75 | U29: 30.93 | V29: 11521 | W29: 968 | X29: 2.89 | Y29: 184.06 | Z29: 101 | AA29: 0 | AB29: -1955.77 | AC29: 0 | AD29: 4.36 | AE29: -131.82 | AF29: 100 | AG29: 0.022996893 | AH29: 0.0082068117 | AI29: -0.15299761 | AJ29: -0.076433121 | AK29: -0.011441715 | AL29: 0.14949354 | AM29: 3580 | AN29: 1242 | AO29: 968 | AP29: 75 | AQ29: 186 | AR29: 101 | AS29: 100 | AT29: 0 | AU29: 3796 | AV29: 2147 | AW29: 1860 | AX29: 3088 | AY29: 3108 | AZ29: 1937
A30: 28 | B30: 0 | C30: HbAA | D30: 2 | E30: 1 | F30: 2 | G30: 0 | H30: 0 | I30: 0 | J30: 0 | K30: 0 | L30: 0 | N30: 45484 | O30: 16.27 | P30: -483.02 | Q30: 830 | R30: 2.2 | S30: 4438.91 | T30: 43 | U30: 18.02 | V30: 229.2 | W30: 564 | AG30: 0 | AH30: 0 | AI30: 0 | AJ30: 0 | AK30: 0 | AL30: 0 | AM30: 1442 | AN30: 830 | AO30: 564 | AP30: 43 | AU30: 4231 | AV30: 2535 | AW30: 1908
A31: 29 | B31: 0 | C31: HbAA | D31: 1 | E31: 0 | F31: 3 | G31: 0 | H31: 0 | I31: 0 | J31: 0 | K31: 0 | L31: 0 | N31: 45484 | O31: 15.92 | P31: 897.17 | Q31: 866 | R31: 2.38 | S31: 4833.2 | T31: 51 | U31: 18.08 | V31: 2214.86 | W31: 592 | AG31: 0 | AH31: 0 | AI31: 0 | AJ31: 0 | AK31: 0 | AL31: 0 | AM31: 1706 | AN31: 866 | AO31: 592 | AP31: 51 | AU31: 4527 | AV31: 2659 | AW31: 2089
A32: 30 | B32: 1 | C32: HbAC | D32: 2 | E32: 0 | F32: 2 | G32: 0 | H32: 1 | I32: 0 | J32: 0 | K32: 2254 | L32: 1 | N32: 45484 | O32: 21.44 | P32: 3205.31 | Q32: 1114 | R32: 2.49 | S32: 17114 | T32: 51 | U32: 27.61 | V32: 4528.78 | W32: 866 | AG32: 0 | AH32: 0 | AI32: 0 | AJ32: 0 | AK32: 0 | AL32: 0 | AM32: 2302 | AN32: 1114 | AO32: 866 | AP32: 51 | AU32: 4051 | AV32: 2246 | AW32: 1996
A33: 31 | B33: 1 | C33: HbAC | D33: 1 | E33: 1 | F33: 4 | G33: 0 | H33: 1 | I33: 0 | J33: 0 | K33: 694 | L33: 1 | N33: 45484 | O33: 19.09 | P33: 2050.7 | Q33: 983 | R33: 2.56 | S33: 7599.85 | T33: 52 | U33: 24.58 | V33: 3183.28 | W33: 760 | AG33: 0 | AH33: 0 | AI33: 0 | AJ33: 0 | AK33: 0 | AL33: 0 | AM33: 2087 | AN33: 983 | AO33: 760 | AP33: 52 | AU33: 4133 | AV33: 2315 | AW33: 1980
A34: 32 | B34: 1 | C34: HbAC | D34: 1 | E34: 1 | F34: 2 | G34: 0 | H34: 1 | I34: 32 | J34: 1 | K34: 3298 | L34: 1 | N34: 45484 | O34: 19.2 | P34: 3889.91 | Q34: 989 | R34: 2.62 | S34: 9003.85 | T34: 54 | U34: 25.42 | V34: 4403.31 | W34: 780 | AG34: 0 | AH34: 0 | AI34: 0 | AJ34: 0 | AK34: 0 | AL34: 0 | AM34: 2341 | AN34: 989 | AO34: 780 | AP34: 54 | AU34: 4117 | AV34: 2274 | AW34: 2009
A35: 33 | B35: 1 | C35: HbAC | D35: 2 | E35: 1 | F35: 2 | G35: 0 | H35: 1 | I35: 0 | J35: 0 | K35: 437 | L35: 1 | N35: 45484 | O35: 15.28 | P35: -19 | Q35: 706 | R35: 2.09 | S35: 8445.01 | T35: 41 | U35: 18.02 | V35: 876.4 | W35: 476 | X35: 0.85 | Y35: -29.35 | Z35: 37 | AA35: 0 | AB35: -1834.4 | AC35: 0 | AD35: 1.47 | AE35: -170.88 | AF35: 36 | AG35: 1.5447368 | AH35: 0.0072036673 | AI35: -0.21721703 | AJ35: -0.051470588 | AK35: -0.19497946 | AL35: 0.080393291 | AM35: 1417 | AN35: 706 | AO35: 476 | AP35: 41 | AQ35: 95 | AR35: 37 | AS35: 36 | AT35: 0 | AU35: 3860 | AV35: 2147 | AW35: 1921 | AX35: 2683 | AY35: 2617 | AZ35: 1961
A36: 34 | B36: 1 | C36: HbAC | D36: 1 | E36: 0 | F36: 2 | G36: 0 | H36: 0 | I36: 0 | J36: 0 | K36: 0 | L36: 0 | N36: 45484 | O36: 6.87 | P36: 845.69 | Q36: 326 | R36: 0.94 | S36: 24446.34 | T36: 18 | U36: 7.86 | V36: 2359.82 | W36: 222 | X36: 1.96 | Y36: 1338.7 | Z36: 93 | AA36: 0.21 | AB36: 14554.13 | AC36: 4 | AD36: 2.99 | AE36: 1083.46 | AF36: 84 | AG36: 1.5829678 | AH36: 0.030612245 | AI36: 0.59535006 | AJ36: 0.16949153 | AK36: 0.45912824 | AL36: 0.38748336 | AM36: 669 | AN36: 326 | AO36: 222 | AP36: 18 | AQ36: 185 | AR36: 93 | AS36: 84 | AT36: 4 | AU36: 4393 | AV36: 2594 | AW36: 1889 | AX36: 2877 | AY36: 2804 | AZ36: 1906
A37: 35 | B37: 1 | C37: HbAC | D37: 1 | E37: 0 | F37: 3 | G37: 0 | H37: 0 | I37: 0 | J37: 0 | K37: 0 | L37: 0 | N37: 45484 | O37: 16.51 | P37: 995.89 | Q37: 819 | R37: 2.48 | S37: 5626.07 | T37: 48 | U37: 19.73 | V37: 1675.47 | W37: 594 | X37: 0.63 | Y37: -157.51 | Z37: 30 | AA37: 0 | AB37: -1761.84 | AC37: 0 | AD37: 1.07 | AE37: -239.98 | AF37: 30 | AG37: -0.15816004 | AH37: 0.0054545455 | AI37: -0.31315643 | AJ37: -0.036585366 | AK37: -0.14323145 | AL37: 0.052408682 | AM37: 1635 | AN37: 819 | AO37: 594 | AP37: 48 | AQ37: 81 | AR37: 30 | AS37: 30 | AT37: 0 | AU37: 4097 | AV37: 2398 | AW37: 1887 | AX37: 3034 | AY37: 2991 | AZ37: 1932
A38: 36 | B38: 2 | C38: HbAS | D38: 1 | E38: 0 | F38: 4 | G38: 0 | H38: 1 | I38: 0 | J38: 0 | K38: 1474 | L38: 1 | N38: 45484 | O38: 20.76 | P38: 1651 | Q38: 1016 | R38: 2.83 | S38: 6019.12 | T38: 54 | U38: 25.42 | V38: 3354.57 | W38: 754 | X38: 6.99 | Y38: 402.46 | Z38: 313 | AA38: 0.32 | AB38: 10728.89 | AC38: 6 | AD38: 11.69 | AE38: -97.38 | AF38: 303 | AG38: 0.24376741 | AH38: 0.028433735 | AI38: 1.7824682 | AJ38: -0.0057803468 | AK38: -0.029029056 | AL38: 0.47738487 | AM38: 2174 | AN38: 1016 | AO38: 754 | AP38: 54 | AQ38: 529 | AR38: 313 | AS38: 303 | AT38: 6 | AU38: 3837 | AV38: 2193 | AW38: 1852 | AX38: 2970 | AY38: 2945 | AZ38: 1906
A39: 37 | B39: 2 | C39: HbAS | D39: 1 | E39: 1 | F39: 2 | G39: 0 | H39: 1 | I39: 0 | J39: 0 | K39: 1149 | L39: 1 | N39: 45484 | O39: 24.83 | P39: 1979.12 | Q39: 1153 | R39: 3.61 | S39: 4252.48 | T39: 63 | U39: 29.5 | V39: 3739.44 | W39: 849 | X39: 1.29 | Y39: -15.31 | Z39: 59 | AA39: 0.05 | AB39: 40885.53 | AC39: 1 | AD39: 2.14 | AE39: -170.12 | AF39: 58 | AG39: -0.0077357613 | AH39: 0.0052377115 | AI39: 9.6145144 | AJ39: -0.013636364 | AK39: -0.045493443 | AL39: 0.073335707 | AM39: 2734 | AN39: 1153 | AO39: 849 | AP39: 63 | AQ39: 115 | AR39: 59 | AS39: 58 | AT39: 1 | AU39: 3429 | AV39: 2006 | AW39: 1684 | AX39: 2901 | AY39: 2860 | AZ39: 1746
A40: 38 | B40: 2 | C40: HbAS | D40: 2 | E40: 0 | F40: 2 | G40: 0 | H40: 1 | I40: 48 | J40: 1 | K40: 2193 | L40: 1 | N40: 45484 | O40: 14.79 | P40: 69.6 | Q40: 680 | R40: 1.73 | S40: 3818.72 | T40: 33 | U40: 17.76 | V40: 1074.96 | W40: 474 | X40: 0.44 | Y40: -149.82 | Z40: 20 | AA40: 0 | AB40: -1790.81 | AC40: 0 | AD40: 0.72 | AE40: -333.8 | AF40: 19 | AG40: -2.1525862 | AH40: 0.0067658999 | AI40: -0.46895557 | AJ40: -0.064 | AK40: -0.31052318 | AL40: 0.037037037 | AM40: 1156 | AN40: 680 | AO40: 474 | AP40: 33 | AQ40: 86 | AR40: 20 | AS40: 19 | AT40: 0 | AU40: 3871 | AV40: 2176 | AW40: 1879 | AX40: 2712 | AY40: 2645 | AZ40: 1910
A41: 39 | B41: 2 | C41: HbAS | D41: 1 | E41: 1 | F41: 2 | G41: 0 | H41: 1 | I41: 0 | J41: 0 | K41: 11165 | L41: 1 | N41: 45484 | O41: 15.82 | P41: 1046.6 | Q41: 730 | R41: 1.43 | S41: 9277.68 | T41: 27 | U41: 19.92 | V41: 2196.99 | W41: 542 | X41: 4.84 | Y41: 198.14 | Z41: 223 | AA41: 0.25 | AB41: 9866.36 | AC41: 5 | AD41: 8.04 | AE41: -211.48 | AF41: 212 | AG41: 0.18931779 | AH41: 0.030360531 | AI41: 1.0634512 | AJ41: -0.085365854 | AK41: -0.096258973 | AL41: 0.41222165 | AM41: 1331 | AN41: 730 | AO41: 542 | AP41: 27 | AQ41: 434 | AR41: 223 | AS41: 212 | AT41: 5 | AU41: 3858 | AV41: 2161 | AW41: 1856 | AX41: 2748 | AY41: 2688 | AZ41: 1883
A42: 40 | B42: 2 | C42: HbAS | D42: 1 | E42: 1 | F42: 2 | G42: 0 | H42: 0 | I42: 0 | J42: 0 | K42: 0 | L42: 0 | N42: 45484 | O42: 18.64 | P42: 1741.32 | Q42: 930 | R42: 2.22 | S42: 4393.16 | T42: 43 | U42: 24.26 | V42: 2667.23 | W42: 734 | X42: 1.13 | Y42: -246.75 | Z42: 52 | AA42: 0 | AB42: -1773.2 | AC42: 0 | AD42: 1.95 | AE42: -354.44 | AF42: 51 | AG42: -0.14170285 | AH42: 0.0064412238 | AI42: -0.40362746 | AJ42: -0.054794521 | AK42: -0.13288693 | AL42: 0.079574468 | AM42: 1760 | AN42: 930 | AO42: 734 | AP42: 43 | AQ42: 109 | AR42: 52 | AS42: 51 | AT42: 0 | AU42: 4026 | AV42: 2276 | AW42: 1895 | AX42: 3032 | AY42: 2976 | AZ42: 1937
A43: 41 | B43: 2 | C43: HbAS | D43: 1 | E43: 1 | F43: 2 | G43: 0 | H43: 0 | I43: 0 | J43: 0 | K43: 0 | L43: 0 | N43: 45484 | O43: 8.62 | P43: -66.64 | Q43: 294 | R43: 2.05 | S43: 10877.95 | T43: 27 | U43: 8.71 | V43: 798.78 | W43: 181 | X43: 1.98 | Y43: 946.34 | Z43: 83 | AA43: 0.18 | AB43: 5940.89 | AC43: 3 | AD43: 2.96 | AE43: 406.3 | AF43: 74 | AG43: -14.20078 | AH43: 0.025551684 | AI43: 0.54614059 | AJ43: 0.021857923 | AK43: 0.50865069 | AL43: 0.33922261 | AM43: 470 | AN43: 294 | AO43: 181 | AP43: 27 | AQ43: 197 | AR43: 83 | AS43: 74 | AT43: 3 | AU43: 3092 | AV43: 1891 | AW43: 1289 | AX43: 2096 | AY43: 2067 | AZ43: 1314
A44: 42 | B44: 4 | C44: HbSC | D44: 1 | E44: 0 | F44: 3 | G44: 0 | H44: 1 | I44: 0 | J44: 0 | K44: 11778 | L44: 1 | N44: 45484 | O44: 13.39 | P44: -790.05 | Q44: 656 | R44: 1.83 | S44: 10910.69 | T44: 36 | U44: 14.8 | V44: -101.27 | W44: 431 | X44: 0.81 | Y44: -153.49 | Z44: 36 | AA44: 0 | AB44: -1781.22 | AC44: 0 | AD44: 1.32 | AE44: -255.34 | AF44: 36 | AG44: 0.19427884 | AH44: 0.0074738416 | AI44: -0.16325457 | AJ44: -0.056737589 | AK44: 2.5213785 | AL44: 0.086230876 | AM44: 1056 | AN44: 656 | AO44: 431 | AP44: 36 | AQ44: 93 | AR44: 36 | AS44: 36 | AT44: 0 | AU44: 4202 | AV44: 2457 | AW44: 1928 | AX44: 2956 | AY44: 2880 | AZ44: 1962
A45: 43 | B45: 4 | C45: HbSC | D45: 1 | E45: 0 | F45: 1 | G45: 0 | H45: 0 | I45: 0 | J45: 0 | K45: 0 | L45: 0 | N45: 45484 | O45: 9.3 | P45: 364.41 | Q45: 454 | R45: 1.49 | S45: 5923.77 | T45: 30 | U45: 10.51 | V45: 848.43 | W45: 300 | X45: 0.6 | Y45: -145.59 | Z45: 24 | AA45: 0 | AB45: -1805.03 | AC45: 0 | AD45: 0.92 | AE45: -364.46 | AF45: 23 | AG45: -0.39952252 | AH45: 0.010764263 | AI45: -0.30470967 | AJ45: -0.067961165 | AK45: -0.42956991 | AL45: 0.08358209 | AM45: 884 | AN45: 454 | AO45: 300 | AP45: 30 | AQ45: 89 | AR45: 24 | AS45: 23 | AT45: 0 | AU45: 4404 | AV45: 2539 | AW45: 1976 | AX45: 2902 | AY45: 2829 | AZ45: 2006
A46: 44 | B46: 0 | C46: HbAA | D46: 2 | E46: 1 | F46: 1 | G46: 0 | H46: 1 | I46: 0 | J46: 0 | K46: 223 | L46: 1 | N46: 45484 | O46: 26.4 | P46: 5107.98 | Q46: 1288 | R46: 3.85 | S46: 10711.56 | T46: 70 | U46: 32.47 | V46: 7630.23 | W46: 987 | X46: 0.37 | Y46: -203.76 | Z46: 15 | AA46: 0 | AB46: -1755.61 | AC46: 0 | AD46: 0.61 | AE46: -280 | AF46: 15 | AG46: -0.039890524 | AH46: 0.0034103827 | AI46: -0.16389863 | AJ46: -0.047619048 | AK46: -0.036696142 | AL46: 0.017737617 | AM46: 3988 | AN46: 1288 | AO46: 987 | AP46: 70 | AQ46: 77 | AR46: 15 | AS46: 15 | AT46: 0 | AU46: 3528 | AV46: 2026 | AW46: 1749 | AX46: 2994 | AY46: 3013 | AZ46: 1818
... A50: 48 | B50: 0 | C50: HbAA | D50: 2 | E50: 0 | F50: 4 | G50: 0 | H50: 1 | I50: 0 | J50: 0 | K50: 3979 | L50: 1 | N50: 45484 | O50: 15.77 | P50: 720.19 | Q50: 859 | R50: 2.07 | S50: 6442.23 | T50: 41 | U50: 18.4 | V50: 1610.42 | W50: 633 | X50: 1.64 | Y50: -15.46 | Z50: 72 | AA50: 0 | AB50: -1822.52 | AC50: 0 | AD50: 2.75 | AE50: -170.74 | AF50: 71 | AG50: -0.021466557 | AH50: 0.010152284 | AI50: -0.28290204 | AJ50: -0.065217391 | AK50: -0.10602203 | AL50: 0.15076228 | AM50: 1516 | AN50: 859 | AO50: 633 | AP50: 41 | AQ50: 137 | AR50: 72 | AS50: 71 | AT50: 0 | AU50: 4534 | AV50: 2798 | AW50: 1942 | AX50: 3433 | AY50: 3385 | AZ50: 1982
A51: 49 | B51: 0 | C51: HbAA | D51: 2 | E51: 0 | F51: 4 | G51: 0 | H51: 1 | I51: 0 | J51: 0 | K51: 0 | L51: 0 | N51: 45484 | O51: 16.72 | P51: 4424.11 | Q51: 726 | R51: 2.08 | S51: 11520.56 | T51: 39 | U51: 23.68 | V51: 5346.06 | W51: 581 | AG51: 0 | AH51: 0 | AI51: 0 | AJ51: 0 | AK51: 0 | AL51: 0 | AM51: 1733 | AN51: 726 | AO51: 581 | AP51: 39 | AU51: 3597 | AV51: 1858 | AW51: 1837
A52: 50 | B52: 1 | C52: HbAC | D52: 2 | E52: 0 | F52: 1 | G52: 0 | H52: 1 | I52: 0 | J52: 0 | K52: 120 | L52: 1 | N52: 45484 | O52: 17.8 | P52: 788.26 | Q52: 846 | R52: 2.78 | S52: 5496.82 | T52: 53 | U52: 21.79 | V52: 1234.9 | W52: 615 | X52: 11.73 | Y52: 240.66 | Z52: 460 | AA52: 0.57 | AB52: 3320.36 | AC52: 9 | AD52: 19.26 | AE52: -325.52 | AF52: 450 | AG52: 0.30530536 | AH52: 0.050028106 | AI52: 0.60405107 | AJ52: 0.023041475 | AK52: -0.26360029 | AL52: 0.90557129 | AM52: 1435 | AN52: 846 | AO52: 615 | AP52: 53 | AQ52: 786 | AR52: 460 | AS52: 450 | AT52: 9 | AU52: 3872 | AV52: 2187 | AW52: 1851 | AX52: 2890 | AY52: 2801 | AZ52: 1903
A53: 51 | B53: 1 | C53: HbAC | D53: 1 | E53: 0 | F53: 2 | G53: 0 | H53: 1 | I53: 0 | J53: 0 | K53: 1437 | L53: 1 | N53: 45484 | O53: 14.26 | P53: -215.57 | Q53: 679 | R53: 1.52 | S53: 4586.08 | T53: 30 | U53: 17.55 | V53: 32.52 | W53: 486 | X53: 1.43 | Y53: 407.18 | Z53: 56 | AA53: 0.07 | AB53: 5017.19 | AC53: 1 | AD53: 2.08 | AE53: 146.72 | AF53: 50 | AG53: -1.8888528 | AH53: 0.009122807 | AI53: 1.094004 | AJ53: 0 | AK53: 4.5116851 | AL53: 0.11695906 | AM53: 1069 | AN53: 679 | AO53: 486 | AP53: 30 | AQ53: 118 | AR53: 56 | AS53: 50 | AT53: 1 | AU53: 4053 | AV53: 2264 | AW53: 1943 | AX53: 2813 | AY53: 2740 | AZ53: 1973
A54: 52 | B54: 1 | C54: HbAC | D54: 2 | E54: 0 | F54: 2 | G54: 0 | H54: 1 | I54: 0 | J54: 0 | K54: 3032 | L54: 1 | N54: 45484 | O54: 20.64 | P54: 8004.55 | Q54: 1025 | R54: 3.16 | S54: 6936.8 | T54: 62 | U54: 28.57 | V54: 8104.48 | W54: 851 | AG54: 0 | AH54: 0 | AI54: 0 | AJ54: 0 | AK54: 0 | AL54: 0 | AM54: 2582 | AN54: 1025 | AO54: 851 | AP54: 62 | AU54: 3918 | AV54: 2121 | AW54: 1897
A55: 53 | B55: 1 | C55: HbAC | D55: 2 | E55: 0 | F55: 3 | G55: 0 | H55: 1 | I55: 56 | J55: 1 | K55: 2332 | L55: 1 | N55: 45484 | O55: 19.11 | P55: 3927.1 | Q55: 893 | R55: 2.59 | S55: 15221.59 | T55: 49 | U55: 26.21 | V55: 4517.4 | W55: 723 | X55: 1.5 | Y55: 93.42 | Z55: 57 | AA55: 0 | AB55: -1792.99 | AC55: 0 | AD55: 2.44 | AE55: -20.2 | AF55: 57 | AG55: 0.023788546 | AH55: 0.0068062827 | AI55: -0.11779256 | AJ55: -0.047297297 | AK55: -0.0044715987 | AL55: 0.094023904 | AM55: 1975 | AN55: 893 | AO55: 723 | AP55: 49 | AQ55: 119 | AR55: 57 | AS55: 57 | AT55: 0 | AU55: 3753 | AV55: 2025 | AW55: 1841 | AX55: 2790 | AY55: 2738 | AZ55: 1892
A56: 54 | B56: 1 | C56: HbAC | D56: 2 | E56: 0 | F56: 4 | G56: 0 | H56: 1 | I56: 0 | J56: 0 | K56: 56 | L56: 1 | N56: 45484 | O56: 13.75 | P56: -629.84 | Q56: 631 | R56: 0.72 | S56: 2246.4 | T56: 14 | U56: 16.91 | V56: 660.9 | W56: 443 | X56: 1.34 | Y56: 778.11 | Z56: 47 | AA56: 0.14 | AB56: 7807.13 | AC56: 2 | AD56: 2.11 | AE56: 411.39 | AF56: 44 | AG56: -1.235409 | AH56: 0.0094614265 | AI56: 3.4753962 | AJ56: 0.15217391 | AK56: 0.62246936 | AL56: 0.12192192 | AM56: 863 | AN56: 631 | AO56: 443 | AP56: 14 | AQ56: 118 | AR56: 47 | AS56: 44 | AT56: 2 | AU56: 3916 | AV56: 2152 | AW56: 1935 | AX56: 2664 | AY56: 2599 | AZ56: 1949
A57: 55 | B57: 1 | C57: HbAC | D57: 1 | E57: 1 | F57: 4 | G57: 0 | H57: 0 | I57: 0 | J57: 0 | K57: 0 | L57: 0 | N57: 45484 | O57: 2.51 | P57: -1651.16 | Q57: 113 | R57: 0.32 | S57: 1395.16 | T57: 6 | U57: 2.01 | V57: -219.96 | W57: 53 | X57: 0.71 | Y57: -398.72 | Z57: 25 | AA57: 0 | AB57: -1740.09 | AC57: 0 | AD57: 1.13 | AE57: -459.44 | AF57: 25 | AG57: 0.24147872 | AH57: 0.028 | AI57: -1.2472333 | AJ57: -0.14814815 | AK57: 2.0887434 | AL57: 0.53571429 | AM57: 142 | AN57: 113 | AO57: 53 | AP57: 6 | AQ57: 61 | AR57: 25 | AS57: 25 | AT57: 0 | AU57: 4377 | AV57: 2576 | AW57: 1856 | AX57: 2648 | AY57: 2601 | AZ57: 1860
A58: 56 | B58: 2 | C58: HbAS | D58: 1 | E58: 1 | F58: 1 | G58: 0 | H58: 1 | I58: 0 | J58: 0 | K58: 434 | L58: 1 | N58: 45484 | O58: 16.12 | P58: 1853.03 | Q58: 838 | R58: 2.43 | S58: 6291.31 | T58: 45 | U58: 18.91 | V58: 2373.69 | W58: 629 | AG58: 0 | AH58: 0 | AI58: 0 | AJ58: 0 | AK58: 0 | AL58: 0 | AM58: 1648 | AN58: 838 | AO58: 629 | AP58: 45 | AU58: 4325 | AV58: 2686 | AW58: 1803
A59: 57 | B59: 2 | C59: HbAS | D59: 1 | E59: 1 | F59: 2 | G59: 0 | H59: 1 | I59: 0 | J59: 0 | K59: 557 | L59: 1 | N59: 45484 | O59: 28.96 | P59: 533.82 | Q59: 1050 | R59: 4.06 | S59: 7775.52 | T59: 60 | U59: 32.13 | V59: 5049.04 | W59: 685 | X59: 2.61 | Y59: 178.85 | Z59: 110 | AA59: 0 | AB59: -1866.39 | AC59: 0 | AD59: 4.42 | AE59: -19.95 | AF59: 106 | AG59: 0.33503803 | AH59: 0.007253886 | AI59: -0.24003411 | AJ59: -0.088709677 | AK59: -0.0039512462 | AL59: 0.14807233 | AM59: 4696 | AN59: 1050 | AO59: 685 | AP59: 60 | AQ59: 183 | AR59: 110 | AS59: 106 | AT59: 0 | AU59: 2493 | AV59: 1415 | AW59: 1416 | AX59: 2133 | AY59: 2117 | AZ59: 1478
A60: 58 | B60: 2 | C60: HbAS | D60: 1 | E60: 1 | F60: 2 | G60: 0 | H60: 1 | I60: 0 | J60: 0 | K60: 176 | L60: 1 | N60: 45484 | O60: 6.62 | P60: -1483.23 | Q60: 314 | R60: 1.42 | S60: 4912.58 | T60: 29 | U60: 6.18 | V60: -418.12 | W60: 166 | X60: 1.42 | Y60: -270.38 | Z60: 54 | AA60: 0 | AB60: -1892.97 | AC60: 0 | AD60: 2.38 | AE60: -483.98 | AF60: 54 | AG60: 0.18229135 | AH60: 0.02269289 | AI60: -0.38533113 | AJ60: -0.06870229 | AK60: 1.1575146 | AL60: 0.37891269 | AM60: 371 | AN60: 314 | AO60: 166 | AP60: 29 | AQ60: 130 | AR60: 54 | AS60: 54 | AT60: 0 | AU60: 4399 | AV60: 2505 | AW60: 2017 | AX60: 2733 | AY60: 2661 | AZ60: 2043
A61: 59 | B61: 2 | C61: HbAS | D61: 1 | E61: 0 | F61: 4 | G61: 0 | H61: 1 | I61: 0 | J61: 0 | K61: 120 | L61: 1 | N61: 45484 | O61: 7.47 | P61: 78.05 | Q61: 343 | R61: 1.14 | S61: 2574.47 | T61: 21 | U61: 8.25 | V61: 723.52 | W61: 226 | X61: 1.39 | Y61: 9.48 | Z61: 56 | AA61: 0 | AB61: -1788.75 | AC61: 0 | AD61: 2.41 | AE61: -99.9 | AF61: 56 | AG61: 0.1214606 | AH61: 0.016085791 | AI61: -0.6948032 | AJ61: -0.086419753 | AK61: -0.13807497 | AL61: 0.29419192 | AM61: 614 | AN61: 343 | AO61: 226 | AP61: 21 | AQ61: 103 | AR61: 56 | AS61: 56 | AT61: 0 | AU61: 4230 | AV61: 2506 | AW61: 1814 | AX61: 2800 | AY61: 2719 | AZ61: 1834
A62: 60 | B62: 2 | C62: HbAS | D62: 2 | E62: 1 | F62: 3 | G62: 0 | H62: 1 | I62: 0 | J62: 0 | K62: 1107 | L62: 1 | N62: 45484 | O62: 13.38 | P62: 1076.57 | Q62: 625 | R62: 1.11 | S62: 17668.11 | T62: 22 | U62: 17.38 | V62: 1826.14 | W62: 464 | X62: 4.96 | Y62: 116.11 | Z62: 193 | AA62: 0.12 | AB62: 25874.92 | AC62: 2 | AD62: 8.44 | AE62: -599.24 | AF62: 191 | AG62: 0.10785179 | AH62: 0.04263276 | AI62: 1.4644985 | AJ62: -0.54545455 | AK62: -0.32814571 | AL62: 0.49702735 | AM62: 1166 | AN62: 625 | AO62: 464 | AP62: 22 | AQ62: 501 | AR62: 193 | AS62: 191 | AT62: 2 | AU62: 4012 | AV62: 2197 | AW62: 1957 | AX62: 2711 | AY62: 2645 | AZ62: 1980
A63: 61 | B63: 2 | C63: HbAS | D63: 1 | E63: 0 | F63: 2 | G63: 0 | H63: 0 | I63: 0 | J63: 0 | K63: 0 | L63: 0 | N63: 45484 | O63: 3.81 | P63: -2166.31 | Q63: 189 | R63: 0.75 | S63: -1420.59 | T63: 15 | U63: 2.46 | V63: -3129.09 | W63: 73 | X63: 0.42 | Y63: 101.7 | Z63: 17 | AA63: 0 | AB63: -1761.98 | AC63: 0 | AD63: 0.73 | AE63: 19.09 | AF63: 17 | AG63: -0.04694619 | AH63: 0.028947368 | AI63: 1.2403156 | AJ63: -0.11594203 | AK63: -0.0061008153 | AL63: 0.27083333 | AM63: 194 | AN63: 189 | AO63: 73 | AP63: 15 | AQ63: 99 | AR63: 17 | AS63: 17 | AT63: 0 | AU63: 4747 | AV63: 2878 | AW63: 1972 | AX63: 3013 | AY63: 2939 | AZ63: 1988
A64: CTRL1 | C64: Positive control | G64: 1 | H64: 1 | K64: 293000 | L64: 1 | M64: 6 | N64: 45484 | O64: 4.45 | P64: -199.43 | Q64: 211 | R64: 1 | S64: 11863.54 | T64: 20 | U64: 4.77 | V64: 174.72 | W64: 130 | X64: 0.3 | Y64: -366.53 | Z64: 13 | AA64: 0 | AB64: -1782.94 | AC64: 0 | AD64: 0.46 | AE64: -474.44 | AF64: 12 | AG64: 1.837888 | AH64: 0.013513514 | AI64: -0.15028735 | AJ64: -0.06097561 | AK64: -2.7154304 | AL64: 0.082788671 | AM64: 374 | AN64: 211 | AO64: 130 | AP64: 20 | AQ64: 56 | AR64: 13 | AS64: 12 | AT64: 0 | AU64: 4511 | AV64: 2590 | AW64: 1976 | AX64: 2793 | AY64: 2708 | AZ64: 1991
A65: CTRL2 | C65: Positive control | G65: 1 | H65: 1 | K65: 1477 | L65: 1 | M65: 0.003 | N65: 45484 | O65: 15.29 | P65: 5142.17 | Q65: 739 | R65: 3.09 | S65: 10248.24 | T65: 65 | U65: 21.02 | V65: 6227.67 | W65: 570 | X65: 8.79 | Y65: 517.61 | Z65: 329 | AA65: 0.19 | AB65: 3263.34 | AC65: 3 | AD65: 14.95 | AE65: -25.22 | AF65: 319 | AG65: 0.10065984 | AH65: 0.045811518 | AI65: 0.31842931 | AJ65: -0.10714286 | AK65: -0.0040496687 | AL65: 0.74761187 | AM65: 1829 | AN65: 739 | AO65: 570 | AP65: 65 | AQ65: 615 | AR65: 329 | AS65: 319 | AT65: 3 | AU65: 4057 | AV65: 2130 | AW65: 2036 | AX65: 2734 | AY65: 2696 | AZ65: 2098
A66: CTRL3 | C66: Positive control | G66: 1 | H66: 1 | K66: 427 | L66: 1 | M66: 0.01 | N66: 45484 | O66: 16.45 | P66: 3129.56 | Q66: 893 | R66: 2.59 | S66: 6319.13 | T66: 56 | U66: 21.33 | V66: 3850.41 | W66: 692 | X66: 6.23 | Y66: 107.48 | Z66: 256 | AA66: 0 | AB66: -2023.86 | AC66: 0 | AD66: 10.42 | AE66: -239 | AF66: 253 | AG66: 0.034343486 | AH66: 0.023114355 | AI66: -0.3202751 | AJ66: -0.152 | AK66: -0.062071312 | AL66: 0.51725863 | AM66: 2171 | AN66: 893 | AO66: 692 | AP66: 56 | AQ66: 338 | AR66: 256 | AS66: 253 | AT66: 0 | AU66: 4499 | AV66: 2538 | AW66: 2107 | AX66: 3249 | AY66: 3211 | AZ66: 2163
A67: CTRL4 | C67: Negative control | G67: 1 | H67: 0 | L67: 0 | N67: 45484 | O67: 2.27 | P67: -2525.64 | Q67: 104 | R67: 0.05 | S67: 2922.81 | T67: 1 | U67: 1.26 | V67: -1365.2 | W67: 33 | X67: 0.2 | Y67: -512.33 | Z67: 9 | AA67: 0 | AB67: -1724.22 | AC67: 0 | AD67: 0.34 | AE67: -557.18 | AF67: 9 | AG67: 0.20285155 | AH67: 0.030973451 | AI67: -0.58991861 | AJ67: -2.5 | AK67: 0.40813068 | AL67: 0.21138211 | AM67: 144 | AN67: 104 | AO67: 33 | AP67: 1 | AQ67: 64 | AR67: 9 | AS67: 9 | AT67: 0 | AU67: 4460 | AV67: 2584 | AW67: 1939 | AX67: 2669 | AY67: 2607 | AZ67: 1939
A68: CTRL5 | C68: Negative control | G68: 0 | H68: 1 | L68: 0 | N68: 45484 | O68: 0.71 | P68: -1023.66 | Q68: 38 | R68: 0.24 | S68: -208.13 | T68: 5 | U68: 0.47 | V68: -835.79 | W68: 15 | X68: 0.25 | Y68: -430.41 | Z68: 10 | AA68: 0 | AB68: -1752.76 | AC68: 0 | AD68: 0.42 | AE68: -503.8 | AF68: 10 | AG68: 0.42046187 | AH68: 0.11428571 | AI68: 8.4214674 | AJ68: -0.27272727 | AK68: 0.602783 | AL68: 0.75555556 | AM68: 24 | AN68: 19 | AO68: 10 | AP68: 3 | AQ68: 69 | AR68: 12 | AS68: 12 | AT68: 0 | AU68: 4518 | AV68: 4242 | AW68: 247 | AX68: 4244 | AY68: 4218 | AZ68: 249

Sheet Ig detection- Data dictionary
A1: ITEM_NAME | B1: DESCRIPTION_LABEL | C1: RESPONSE_LABEL | D1: RESPONSE_OPTIONS_TEXT | E1: DATA_TYPE
A2: ID | B2: Sample/control (CTRL) sample number | E2: Character String (ST)
A3: HBB Genotype | B3: Hemoglobin beta (HBB) genotype | C3: HBB Genotype | D3: HbAA = 0; HbAC = 1; HbAS = 2; HbCC = 3; HbSC = 4 | E3: Categorical (CAT)
A4: Sample_type | B4: Sample type and HBB genotype groups | C4: Sample type and HBB genotype groups | D4: All HBB genotype groups AND ITM Traveller samples = Positive control AND Naïve plasma +No Ab plus Plasma = Negative control | E4: Categorical (CAT)
A5: Age_group | B5: Age_group | C5: Age | D5: 1 to 4 years = 1; 5 to 19 years = 2 | E5: Categorical (CAT)
A6: Gender | B6: Gender | C6: Codified variable | D6: Codified variable | E6: Categorical (CAT)
A7: Village | B7: Village | C7: Codified variable | D7: Codified variable | E7: Categorical (CAT)
A8: CollectionSite | B8: What is the collection site of the plasma samples? | C8: Site of sample collection | D8: CRUN = 0; ITM = 1; | E8: Categorical (CAT)
A9: Pf_infection | B9: Was the participant infected with Plasmodium falciparum at the time of sample collection? | C9: Yes, no | D9: No = 0, Yes = 1 | E9: Categorical (CAT)
A10: Gametocytes_µL | B10: Number of gametocytes per µL at sample collection time | C10: Gametocytes/µL | E10: Continuous (CONT)
A11: Gametocytes_µL_group | B11: Gametocytes in blood at sample collection time? | C11: Yes, no | D11: No = 0, Yes = 1 | E11: Categorical (CAT)
A12: Parasites_µL | B12: Number of parasites per µL at sample collection time | C12: Parasites/µL | E12: Continuous (CONT)
A13: Parasites_µl_group | B13: Parasites in blood at sample collection time? | C13: Yes, no | D13: No = 0, Yes = 1 | E13: Categorical (CAT)
A14: ParasiteDensity | B14: Number of parasites on the total white blood cells counted at sample collection time | C14: % parasites | E14: Continuous (CONT)
A15: Date Flow cytometry experiment | B15: Date in which samples were subjected to flow cytometry | C15: Date Flow cytometry experiment | E15: Temporal (Ordinal)
A16: iRBCs_IgG_PercentageCells | B16: Percentage of the TOTAL infected red blood cells that are positive for the Anti-human IgG antibody; iRBCs = Troph-iRBCs. | C16: iRBCs_IgG+_% | E16: Continuous (CONT)
A17: iRBCs_IgG_MFI | B17: Mean fluorescence intensity (MFI) of the Anti-human IgG antibody that is bound on the TOTAL infected red blood cells; iRBCs = Troph-iRBCs. | C17: iRBCs_IgG+_MFI | E17: Continuous (CONT)
A18: iRBCs_IgG_Events | B18: Number of events corresponding to the TOTAL infected red blood cells that are positive for the Anti-human IgG antibody (1 positive cell = 1 event); iRBCs = Troph-iRBCs. | C18: iRBCs_IgG+_Events | E18: Continuous (CONT)
A19: Sexual iRBCs_IgG_PercentageCells | B19: Percentage of the SEXUAL (TdTom+) infected red blood cells that are positive for the Anti-human IgG antibody; iRBCs = Troph-iRBCs. | C19: Sexual iRBCs_IgG+_% | E19: Continuous (CONT)
A20: Sexual iRBCs_IgG_MFI | B20: Mean fluorescence intensity (MFI) of the Anti-human IgG antibody that is bound on the SEXUAL (TdTom+) infected red blood cells; iRBCs = Troph-iRBCs. | C20: Sexual iRBCs_IgG+_MFI | E20: Continuous (CONT)
A21: Sexual iRBCs_IgG_Events | B21: Number of events corresponding to the SEXUAL (TdTom+) infected red blood cells that are positive for the Anti-human IgG antibody (1 positive cell = 1 event); iRBCs = Troph-iRBCs. | C21: Sexual iRBCs_IgG+_Events | E21: Continuous (CONT)
A22: Asexual iRBCs_IgG_PercentageCells | B22: Percentage of the ASEXUAL (TdTom-) infected red blood cells that are positive for the Anti-human IgG antibody; iRBCs = Troph-iRBCs. | C22: Asexual iRBCs_IgG+_% | E22: Continuous (CONT)
A23: Asexual iRBCs_IgG_MFI | B23: Mean fluorescence intensity (MFI) of the Anti-human IgG antibody that is bound on the ASEXUAL (TdTom-) infected red blood cells; iRBCs = Troph-iRBCs. | C23: Asexual iRBCs_IgG+_MFI | E23: Continuous (CONT)
A24: Asexual iRBCs_IgG_Events | B24: Number of events corresponding to the ASEXUAL (TdTom+) infected red blood cells that are positive for the Anti-human IgG antibody (1 positive cell = 1 event); iRBCs = Troph-iRBCs. | C24: Asexual iRBCs_IgG+_Events | E24: Continuous (CONT)
A25: iRBCs_IgM_PercentageCells | B25: Percentage of the TOTAL infected red blood cells that are positive for the Anti-human IgM antibody; iRBCs = Troph-iRBCs. | C25: iRBCs_IgM+_% | E25: Continuous (CONT)
... A47: Raw IgM+ Sexual iRBC counts | B47: Flow cytometry Raw counts (or events) of IgM+ Sexual iRBCs | C47: Raw IgM+ Sexual iRBC counts | E47: Continuous (CONT)
A48: Raw IgG- iRBC counts | B48: Flow cytometry Raw counts (or events) of IgG- iRBCs | C48: Raw IgG- iRBC counts
A49: Raw IgG- Asexual iRBC counts | B49: Flow cytometry Raw counts (or events) of IgG- Asexual iRBCs | C49: Raw IgG- Asexual iRBC counts
A50: Raw IgG- Sexual iRBC counts | B50: Flow cytometry Raw counts (or events) of IgG- Sexual iRBCs | C50: Raw IgG- Sexual iRBC counts
A51: Raw IgM- iRBC counts | B51: Flow cytometry Raw counts (or events) of IgM- iRBCs | C51: Raw IgM- iRBC counts
A52: Raw IgM- Asexual iRBC counts | B52: Flow cytometry Raw counts (or events) of IgM- Asexual iRBCs | C52: Raw IgM- Asexual iRBC counts
A53: Raw IgM- Sexual iRBC counts | B53: Flow cytometry Raw counts (or events) of IgM- Sexual iRBCs | C53: Raw IgM- Sexual iRBC counts
